{"XFEL.FEL/UNDULATOR.SASE1/CAX.CELL3.SA1/FIELD.OFFSET": [0.03099999949336052, 0.08099999949336052, 0.03099999949336052, 0.03099999949336052, 0.03099999949336052, 0.03099999949336052, 0.03099999949336052, 0.04766666616002718, -0.013444444951083934, 0.021740740234101257, 0.017111110604471624, 0.017111110604471624, 0.012481480974841995, 0.0032222217155827328, 0.0032222217155827397, -0.028259259765898742, 0.0279135797402741, 0.04859259208595311, -0.01755967128853249, -0.015227709697311638, 0.03448651069592109, 0.03802636742507824, -0.0019141904167141663, 0.017864298634751554, 0.004226472422622644, 0.013889951059009382, 0.049380461764807385, 0.050833198286829584, 0.01127265675917177, -0.01316405556323718, 0.033744332432796245, 0.0014825027512741715, 0.02623550870975936, 0.04041788739633807, 0.012521138135771569, 0.023994756977509257, 0.01939691322044098, 0.029804758607061964, 0.03859942018952964, 0.05226280190470857, 0.02552044402484582, 0.02731529581141703, 0.027558444089246445, 0.03711754986816665, 0.03246658529610714, 0.03504223003845219, 0.030864398063477266, 0.030069668471165788, 0.053997528646565734, 0.039525399754130885, 0.03518959926312991], "XFEL.FEL/UNDULATOR.SASE1/CAY.CELL3.SA1/FIELD.OFFSET": [0.029999999329447746, 0.029999999329447746, -0.020000000670552256, 0.029999999329447746, 0.029999999329447746, 0.029999999329447746, 0.029999999329447746, 0.07999999932944775, 0.04666666599611441, 0.05222222155166997, 0.06333333266278107, 0.06333333266278107, 0.0744444437738922, 0.09666666599611441, 0.09666666599611441, 0.052222221551669966, 0.08740740673685515, 0.10777777710722553, 0.12320987587265764, 0.1098353902759498, 0.14015089096182087, 0.09264288913283139, 0.1055372649901702, 0.10876847974401867, 0.15724686210443126, 0.08681171502319363, 0.08523759861140001, 0.09614365403429737, 0.10318886225120198, 0.12242707495966823, 0.09453496769846706, 0.05230847485479609, 0.11819028693506467, 0.10296724013348596, 0.0982418095304573, 0.08735653631439462, 0.10341549388661266, 0.11484789398969265, 0.1023570906745145, 0.10194120488617076, 0.12312177416808112, 0.09633599859466165, 0.08505413118973726, 0.09370847000589748, 0.09991212243492711, 0.10170018435505983, 0.07642163652164091, 0.10524132962267972, 0.0953608943449504, 0.09934304505910176, 0.09573698703862575], "XFEL.FEL/UNDULATOR.SASE1/CAY.CELL7.SA1/FIELD.OFFSET": [0.09804458916187286, 0.09804458916187286, 0.09804458916187286, 0.04804458916187286, 0.09804458916187286, 0.09804458916187286, 0.09804458916187286, 0.0813779224952062, 0.07582236693965064, 0.1350816261989099, 0.1786001447174284, 0.11193347805076176, 0.11656310768039138, 0.12582236693965065, 0.12582236693965065, 0.15730384842113213, 0.19001989780384815, 0.24711866323594692, 0.19845611179561773, 0.21340810082168082, 0.18673914791816004, 0.12174524454977105, 0.1904923867537034, 0.23088765170315215, 0.19553904292061564, 0.18283486926822523, 0.17047599499996213, 0.17176758945729606, 0.18581118742960157, 0.1968957120209171, 0.1770809242552009, 0.17741315121506618, 0.18440764874238658, 0.2578583594611542, 0.15883136507002654, 0.1287743124866108, 0.20535931689901682, 0.1843352441318016, 0.18086694487115867, 0.1783948235919372, 0.17360725018601553, 0.18591673589939, 0.17972252829981167, 0.15022526394344626, 0.1577706876244252, 0.1436976634869428, 0.15049732722288814, 0.17587576490457324, 0.1816826728961788, 0.16496702992466372, 0.17405245067256658], "XFEL.FEL/UNDULATOR.SASE1/CAX.CELL8.SA1/FIELD.OFFSET": [0.04899999871850014, 0.04899999871850014, 0.04899999871850014, 0.04899999871850014, -0.0010000012814998654, 0.04899999871850014, 0.04899999871850014, 0.032333332051833474, 0.026777776496277914, 0.019370369088870507, 0.004555554274055684, 0.004555554274055684, -0.010259260540759124, -0.03988889017038877, -0.039888890170388755, -0.04729629757779616, -0.06643210004693195, -0.11303703831853687, -0.06046502185763153, -0.08769410279041617, -0.04930818600943762, 0.003884924796841868, -0.06479934589360166, -0.05222377306425652, -0.11559465995480503, -0.025481999283159473, -0.03891307629829381, -0.02594999573055437, -0.05508700835283985, -0.05722757601071089, -0.043491701226398075, -0.04489363803855394, -0.04820454901671671, -0.05708482015971211, -0.044187872667719605, -0.04207130380033204, -0.049685655748275395, -0.07688096306980102, -0.05454060557244107, -0.0542674041822417, -0.039231682386852026, -0.059631995631911974, -0.061268382288798995, -0.06364818440408156, -0.05504057411116817, -0.0527448633507963, -0.030511477020401495, -0.06528859155745113, -0.07023814038572672, -0.07984979154682445, -0.05258122380650468], "XFEL.FEL/UNDULATOR.SASE1/CAX.CELL11.SA1/FIELD.OFFSET": [0.032584309577941895, 0.032584309577941895, 0.032584309577941895, 0.032584309577941895, 0.032584309577941895, 0.0825843095779419, 0.032584309577941895, 0.04925097624460856, 0.05480653180016412, 0.062213939207571525, 0.07702875402238635, 0.010362087355719668, 0.05295467994831227, 0.06313986513349745, 0.06313986513349745, 0.05110282809646042, 0.0443127046396703, 0.039065791059423385, 0.07044439188246865, 0.11269404894694053, 0.09248371515635984, 0.02415571637568613, 0.09055946580412694, 0.08284976707933905, 0.07090121587610107, 0.07549686948581502, 0.07916973721713422, 0.055258087099811684, 0.08173412112804812, 0.06750261032377572, 0.07625295549379459, 0.048778379163695026, 0.08155738115819362, 0.08426140119478945, 0.06842024914882044, 0.05974165993877498, 0.07707274029419803, 0.06761984780176003, 0.056677838384097554, 0.04414969701212226, 0.09822096612061779, 0.05778977000990716, 0.053053752552665645, 0.04953206416948379, 0.06606246584030018, 0.07019881375549669, 0.055713260727960706, 0.0646432010333102, 0.05365384334239687, 0.038288099613623484, 0.0667617415237518], "XFEL.FEL/UNDULATOR.SASE1/CAY.CELL11.SA1/FIELD.OFFSET": [0.07077378779649734, 0.07077378779649734, 0.07077378779649734, 0.07077378779649734, 0.07077378779649734, 0.07077378779649734, 0.020773787796497342, 0.05410712112983068, 0.04855156557427512, 0.041144158166867714, 0.026329343352052892, 0.0263293433520529, 0.07818119520390475, 0.10688489890760847, 0.04021823224094179, 0.05225526927797883, 0.05904539273476895, 0.06429230631501587, 0.03291370549197059, 0.0795529373163876, 0.06272623406993126, 0.029819664949370384, 0.06711961922463329, 0.07812149901938004, 0.10927443979737797, 0.04706561746338417, 0.10740738164793145, 0.08663072205636815, 0.071997394932567, 0.0345396307279485, 0.08919044391793572, 0.08804218158861685, 0.06905522094960266, 0.03127362409827105, 0.08798208020527411, 0.06332388438179751, 0.0744220953599844, 0.10349859190332679, 0.0890672134243972, 0.09760212267031229, 0.11202648918540468, 0.07229066684742788, 0.1030951429365127, 0.1072859510516404, 0.12108247429893443, 0.14547837802468772, 0.09573584337490473, 0.10155790477122127, 0.11577762992827312, 0.12343166155239066, 0.09775074832654945], "method": "SimplexNorm", "dev_times": [1669296136.1078598, 1669296137.969024, 1669296139.630968, 1669296141.27524, 1669296142.9134238, 1669296144.536772, 1669296146.153321, 1669296147.778948, 1669296149.6873689, 1669296151.318569, 1669296152.934793, 1669296154.592426, 1669296156.2159, 1669296157.858495, 1669296159.4784021, 1669296161.0868669, 1669296162.731928, 1669296164.479296, 1669296166.105024, 1669296168.002358, 1669296169.6454, 1669296171.2614, 1669296172.926087, 1669296174.544988, 1669296176.169785, 1669296177.783881, 1669296179.562985, 1669296181.19764, 1669296183.06179, 1669296184.738786, 1669296186.36215, 1669296188.025747, 1669296189.642623, 1669296191.25943, 1669296192.8593202, 1669296194.65104, 1669296196.2925172, 1669296198.1538188, 1669296199.8218958, 1669296201.4451442, 1669296203.099691, 1669296204.746581, 1669296206.494758, 1669296208.1023529, 1669296209.996347, 1669296211.636575, 1669296213.261856, 1669296214.9119859, 1669296216.5440829, 1669296218.2202072, 1669296219.851923],