{"XFEL.FEL/UNDULATOR.SASE1/CAX.CELL3.SA1/FIELD.OFFSET": [0.03099999949336052, 0.08099999949336052, 0.03099999949336052, 0.03099999949336052, 0.03099999949336052, 0.03099999949336052, 0.03099999949336052, -0.019000000506639483, 0.014333332826693853, 0.005999999493360518, 0.005999999493360518, -0.0023333338399728135, -0.019000000506639483, -0.013444444951083927, 0.03840740690076793, -0.009123457296762935, -0.029185185691824655, -0.022497942893470763, -0.009123457296762935, 0.02338683076908068, 0.04180246862916297, 0.009737996749876292, 0.0069344988074894615, -0.033160380021957286, -0.015268433291275973, -0.007842450209428697, 0.00770800894313951, 0.0042649997473868315, -0.0006837504431329022, 0.01386835882205363, -0.0033755032670587937, -0.027562707255836476, 0.01064944626285139, -0.010903406323324677, 0.003055155126523462, -0.016376274021812527, 0.0038930161916854097, 0.015928755359968634, 0.031527349685590934, 0.016426507467920452, -0.0017752107900914083, 0.012492991351206347, 0.0005916203875074889, 6.869646999743684e-05, 0.0018354058452388217, 0.0008066006720155311, 0.006908956185106618, 0.0044546509683113, 0.008903094457608632, -0.009298851399815913], "XFEL.FEL/UNDULATOR.SASE1/CAY.CELL3.SA1/FIELD.OFFSET": [0.029999999329447746, 0.029999999329447746, -0.020000000670552256, 0.029999999329447746, 0.029999999329447746, 0.029999999329447746, 0.029999999329447746, 0.01333333266278108, 0.0744444437738922, 0.12166666599611442, 0.05499999932944775, 0.06333333266278107, 0.07999999932944774, 0.07444444377389219, 0.11148148081092922, 0.12197530797142304, 0.1679629622924107, 0.1526337441854148, 0.12197530797142304, 0.12403292114014734, 0.1488271598232749, 0.16648833952149164, 0.08287208437745872, 0.10047039256218668, 0.1032231646243723, 0.08413737358642073, 0.07121608681611133, 0.1324856468425301, 0.08062141120771833, 0.06005903927931988, 0.10649624079839726, 0.052155865996678874, 0.10606365735428022, 0.11658855716677116, 0.0825592044037763, 0.07390616897843434, 0.09802428526031876, 0.07501370192032442, 0.060908970568300476, 0.0910582690695772, 0.08586759745720984, 0.06182318741053819, 0.09532797745143248, 0.08959930818946799, 0.07163878161632437, 0.05844602979432718, 0.08164986186446108, 0.07940895448863136, 0.06897206613599416, 0.08154379381036098], "XFEL.FEL/UNDULATOR.SASE1/CAY.CELL7.SA1/FIELD.OFFSET": [0.09804458916187286, 0.09804458916187286, 0.09804458916187286, 0.14804458916187285, 0.09804458916187286, 0.09804458916187286, 0.09804458916187286, 0.11471125582853953, 0.12026681138409509, 0.1313779224952062, 0.1313779224952062, 0.14248903360631732, 0.16471125582853952, 0.15730384842113213, 0.154834712618663, 0.19043142043759304, 0.23662483607545312, 0.15456036419616642, 0.15293142043759303, 0.14384362894239416, 0.13711351920302517, 0.17392479035071606, 0.14201463945908366, 0.14619464250739947, 0.14835466003521536, 0.17531034514419266, 0.16121648877067235, 0.1779013606567331, 0.15134211536892125, 0.11692920546923347, 0.17205586669550316, 0.17292107621546865, 0.15111299076066279, 0.15218038371718726, 0.15895746250730108, 0.16489870564274295, 0.15455941948118282, 0.16972528951684618, 0.18041060425766164, 0.1409079191987534, 0.16670973865783284, 0.14238035496821946, 0.1646369887636822, 0.17996236530617182, 0.1758852338924023, 0.18654814109801204, 0.1908378799143608, 0.19384933857833425, 0.17747342687018433, 0.19029321511062264], "XFEL.FEL/UNDULATOR.SASE1/CAX.CELL8.SA1/FIELD.OFFSET": [0.04899999871850014, 0.04899999871850014, 0.04899999871850014, 0.04899999871850014, -0.0010000012814998654, 0.04899999871850014, 0.04899999871850014, 0.032333332051833474, 0.026777776496277914, 0.015666665385166804, 0.015666665385166804, 0.004555554274055691, -0.01766666794816653, -0.010259260540759124, -0.007790124738289994, 0.02327983410944664, 0.035419751804919894, -0.03529355409357121, -0.01422016589055336, 0.02264540338242331, 0.03909773534401453, -0.0009542765444170917, 0.011511429902770827, 0.028936365126059956, 0.019754742659972468, 0.006842267427538393, 0.04374990980928914, 0.03803897482309122, 0.01292640941131458, 0.015863553421656268, 0.02142576393749904, 0.016091437667038168, 0.021006911953577023, -0.012594068045065035, 0.029663915345700596, 0.013034597608021607, 0.01901383336718817, 0.01403979713736473, 0.011182324376060863, 0.02935144893974093, 0.01246956280558903, 0.011782552052476927, 0.019014960966243513, 0.02419806310836271, 0.01842373622433688, 0.018128687652911233, 0.026245252927409354, 0.008368192853592922, 0.00855742167267421, 0.016888229155442032], "XFEL.FEL/UNDULATOR.SASE1/CAX.CELL11.SA1/FIELD.OFFSET": [0.032584309577941895, 0.032584309577941895, 0.032584309577941895, 0.032584309577941895, 0.032584309577941895, 0.0825843095779419, 0.032584309577941895, 0.04925097624460856, 0.05480653180016412, 0.06591764291127522, -0.0007490237553914453, 0.03813986513349745, 0.040917642911275226, 0.0399917169853493, 0.020238630565596213, 0.03279007089481432, 0.03289295155325053, 0.03285865800043846, 0.03279007089481432, 0.023050701896186063, 0.014580194351604441, 0.07172468452078598, 0.01736940331365291, 0.049780621115817214, 0.042395123478261965, -0.0037392310408662227, 0.01721190699703451, 0.004886126712863734, 0.02982643052833902, 0.009248040829388432, 0.026904563378457848, 0.02027203032210728, 0.022356034002666364, 0.02782553422313612, 0.019865313803559916, 0.021851167151135442, 0.022229817289783634, -0.004909691053952926, -0.028562098320060382, 0.040834510127479684, 0.0074042042512202574, 0.0036905959990764237, 0.021101071533612493, 0.014469645470534549, 0.007022507554654122, -0.000581147312910632, -0.010709964964317802, -0.010940607828831272, -0.014015023928927839, 0.002329201637234657], "XFEL.FEL/UNDULATOR.SASE1/CAY.CELL11.SA1/FIELD.OFFSET": [0.07077378779649734, 0.07077378779649734, 0.07077378779649734, 0.07077378779649734, 0.07077378779649734, 0.07077378779649734, 0.12077378779649735, 0.08744045446316401, 0.09299601001871957, 0.10410712112983067, 0.10410712112983067, 0.1152182322409418, 0.137440454463164, 0.06336638038908994, 0.08867502236439859, 0.11130876722036565, 0.1315762569322998, 0.12482042702832176, 0.11130876722036566, 0.14820863004615442, 0.19062975487468664, 0.12216839227752159, 0.10862243891675341, 0.14424962989373863, 0.1303559780114036, 0.13756715008883086, 0.13911829828778427, 0.14317552194948896, 0.12220755466807859, 0.15071791611930274, 0.12116105444509992, 0.10480219475982913, 0.1373570212245731, 0.11330543416379556, 0.13266508225678708, 0.11350273157107807, 0.13139344881119935, 0.12084959838417947, 0.11609640857056738, 0.10806590907186842, 0.13019183983459023, 0.12748226651209613, 0.12274135746184897, 0.14472718822214115, 0.1264007581313425, 0.12390441279141406, 0.13615227164890842, 0.12685714052424035, 0.10883835199291933, 0.12871219303379433], "method": "SimplexNorm", "dev_times": [1669295349.122066, 1669295353.4324632, 1669295357.878336, 1669295362.141066, 1669295366.5293171, 1669295370.7804952, 1669295374.996591, 1669295379.206089, 1669295383.417452, 1669295387.827222, 1669295392.0662389, 1669295396.329157, 1669295400.599772, 1669295404.8733609, 1669295409.314511, 1669295413.525395, 1669295417.881522, 1669295422.12238, 1669295426.4080498, 1669295430.6765618, 1669295434.900738, 1669295439.289373, 1669295443.5113668, 1669295447.900296, 1669295452.097614, 1669295456.357918, 1669295460.590016, 1669295464.849389, 1669295469.481697, 1669295473.708211, 1669295478.175905, 1669295482.426986, 1669295486.817794, 1669295491.071776, 1669295495.320805, 1669295499.574132, 1669295503.902426, 1669295508.289917, 1669295512.533769, 1669295516.7734249, 1669295520.999142, 1669295525.246135, 1669295529.713035, 1669295533.9799428, 1669295538.49618, 1669295542.7448032, 1669295547.326478, 1669295551.593007, 1669295555.872989, 1669295560.101321],