{"XFEL.FEL/UNDULATOR.SASE1/CAX.CELL3.SA1/FIELD.OFFSET": [0.03099999949336052, 0.08099999949336052, 0.03099999949336052, 0.03099999949336052, 0.03099999949336052, 0.03099999949336052, 0.03099999949336052, -0.019000000506639483, 0.014333332826693853, 0.005999999493360518, 0.005999999493360518, -0.006500000506639486, -0.0023333338399728135, -0.019000000506639483, -0.013444444951083927, -0.028259259765898742, 0.01865432048101484, 0.037481480974842, -0.035460905856433717, -0.018845679518985164, -0.018742798860548943, -0.0010644723859261837, 0.005125513896652681, -0.02286374079013285, -0.0012159355775128305, 0.007858519536036931, 0.016622745009796016, -0.009901412892962702, 0.032258488206124494, 0.017863169628897668, 0.023105473101907845, 0.004864416592342338, -0.019500307886323523, 0.01931878918301249, -0.005674650593881329, 0.0125720777122908, 0.0066923364098478745, 0.00698388219139514, -0.006938742828847037, 0.011662691514461494, -0.0007382647144108592, 0.008562452457243408, -0.0029841926639226288, 0.008683010118237442, -0.013276163822902677, 0.011170050931533695, -0.005127425571423885, 0.007095681805794299, 0.0019219638389181282, 0.004128803403986286], "XFEL.FEL/UNDULATOR.SASE1/CAY.CELL3.SA1/FIELD.OFFSET": [0.029999999329447746, 0.029999999329447746, -0.020000000670552256, 0.029999999329447746, 0.029999999329447746, 0.029999999329447746, 0.029999999329447746, 0.01333333266278108, 0.0744444437738922, 0.12166666599611442, 0.05499999932944775, 0.06749999932944775, 0.06333333266278107, 0.07999999932944774, 0.0744444437738922, 0.08925925858870701, 0.13123456723068233, 0.19018518451463293, 0.14831275653109383, 0.11873456723068232, 0.055668723609283155, 0.09663237244330235, 0.10772633677800743, 0.129954274592365, 0.07373856814517707, 0.051221040329295336, 0.11280432285736523, 0.06995262342130368, 0.07277824282214027, 0.10185247213451926, 0.10081853798190402, 0.08050856060435879, 0.10435563589901364, 0.0806725910913586, 0.029045319444030365, 0.10568725528401933, 0.12721425133032532, 0.10821594858006783, 0.07870397834028428, 0.0960653486859605, 0.08449110178884303, 0.09317178696168114, 0.07069737241667148, 0.09693978456718237, 0.10113443443460679, 0.08578805192717065, 0.09601897359879474, 0.08834578234507667, 0.10391087216851255, 0.08635913849539724], "XFEL.FEL/UNDULATOR.SASE1/CAY.CELL7.SA1/FIELD.OFFSET": [0.09804458916187286, 0.09804458916187286, 0.09804458916187286, 0.14804458916187285, 0.09804458916187286, 0.09804458916187286, 0.09804458916187286, 0.11471125582853953, 0.12026681138409509, 0.1313779224952062, 0.1313779224952062, 0.14804458916187285, 0.14248903360631732, 0.16471125582853952, 0.15730384842113213, 0.1770569348408852, 0.1811721611783338, 0.2144026138532309, 0.1588813518504874, 0.15617216117833377, 0.18381276474486324, 0.1667231442601811, 0.17143279217970553, 0.20443081077443195, 0.14964114456501262, 0.17745956655353062, 0.14770123025655693, 0.17478488112278667, 0.15369970892116885, 0.1920045019273539, 0.19897351008943903, 0.1619742359461192, 0.19767312140826626, 0.1646930620429432, 0.1647076361059711, 0.1770560299102431, 0.1682857185163451, 0.17057918052564147, 0.14659900934195103, 0.1806531287810032, 0.15795038248830173, 0.1749774422078278, 0.16085461879159002, 0.17300567713057985, 0.17598845835476884, 0.16751691112089961, 0.17316460927681243, 0.16892883565987782, 0.181025484356179, 0.16673704804863418], "XFEL.FEL/UNDULATOR.SASE1/CAX.CELL8.SA1/FIELD.OFFSET": [0.04899999871850014, 0.04899999871850014, 0.04899999871850014, 0.04899999871850014, -0.0010000012814998654, 0.04899999871850014, 0.04899999871850014, 0.032333332051833474, 0.026777776496277914, 0.015666665385166804, 0.015666665385166804, -0.0010000012814998654, 0.004555554274055691, -0.01766666794816653, -0.010259260540759124, 0.03665431970615446, 0.004761315590928121, -0.009024692639524545, -0.026651578784929214, -0.007738684409071876, -0.0011200287163421196, 0.02785230781772281, 0.04690809199696378, 0.005988262702648885, 0.013247064714537328, 0.03638886220475732, 0.04227317015239403, 0.00972827100084192, -0.004476527838540072, 0.02461154355602678, 0.019708192729374976, 0.014862346718246738, 0.0438780768013813, 0.007612123321440269, 0.035590502615417165, 0.012468612347050385, -0.004010460617647683, 0.006089370087953572, 0.0015928002083917814, 0.018856857719118034, 0.0073474860453005275, 0.015979514800663654, 0.014906032235239272, 0.013077967319097612, 0.02158446926006849, 0.011105209806097326, 0.01809138277541144, 0.012851753048425847, 0.013664047973321727, 0.014562772032015482], "XFEL.FEL/UNDULATOR.SASE1/CAX.CELL11.SA1/FIELD.OFFSET": [0.032584309577941895, 0.032584309577941895, 0.032584309577941895, 0.032584309577941895, 0.032584309577941895, 0.0825843095779419, 0.032584309577941895, 0.04925097624460856, 0.05480653180016412, 0.06591764291127522, -0.0007490237553914453, -0.04241569042205812, 0.03813986513349745, 0.040917642911275226, 0.0399917169853493, 0.042460852787818436, 0.02353081163555506, 0.01067072933102831, 0.037179645654759445, 0.03603081163555506, -0.0061159647704806044, 0.0044407339035020255, -0.013334757637421618, 0.04691139386387391, 0.011166080649424898, 0.0018433148108840253, 0.0466431844107079, 0.007073822524816524, -0.013729309901925113, -0.02669804725941164, -0.01234563874495126, 0.005288150800830858, 0.018888905373984074, -0.005574756082947822, -0.02807307206966373, 0.010629840709250358, -0.003456733278870583, -0.0021317212564319343, 0.03327340412575163, -0.011705184413120823, 0.018280541279460813, -0.004208752989975417, -0.009000681742652283, 0.005722210096274698, 0.010969570442620067, -0.0014386744515558492, 0.006833488811228097, 0.000629366364140134, -0.0014462645867221943, 0.0036045469539425987], "XFEL.FEL/UNDULATOR.SASE1/CAY.CELL11.SA1/FIELD.OFFSET": [0.07077378779649734, 0.07077378779649734, 0.07077378779649734, 0.07077378779649734, 0.07077378779649734, 0.07077378779649734, 0.12077378779649735, 0.08744045446316401, 0.09299601001871957, 0.10410712112983067, 0.10410712112983067, 0.12077378779649735, 0.1152182322409418, 0.137440454463164, 0.06336638038908994, 0.11089724458662081, 0.1020495079611064, 0.1093540347100776, 0.12914141468264273, 0.11454950796110641, 0.09928887695973465, 0.15200378322402364, 0.1963224846414905, 0.12722859651468052, 0.10988748997604314, 0.11523220368838374, 0.1358072769326385, 0.10841847695296061, 0.12337265342786563, 0.12176980616918595, 0.1310613204984655, 0.11518094760664874, 0.11484558843957071, 0.1212408871807919, 0.1425658603128918, 0.11217859604905275, 0.1283652953725041, 0.125082022451474, 0.12293176498579791, 0.12206029587333894, 0.12264127528164492, 0.12220554072541542, 0.13586528999805203, 0.11810026953630257, 0.12575612631814975, 0.12236969696513136, 0.12462731653381029, 0.12293410185730111, 0.13440045064251038, 0.11998582336561414], "method": "SimplexNorm", "dev_times": [1669296258.551358, 1669296259.7020118, 1669296260.797547, 1669296261.889651, 1669296263.12786, 1669296264.2571142, 1669296265.35984, 1669296266.648287, 1669296267.7382772, 1669296268.847048, 1669296269.944252, 1669296271.02964, 1669296272.371351, 1669296273.451606, 1669296274.5762959, 1669296275.824886, 1669296276.930455, 1669296278.179533, 1669296279.351448, 1669296280.5060759, 1669296281.83124, 1669296282.914667, 1669296284.1218948, 1669296285.260809, 1669296286.3773608, 1669296287.706293, 1669296288.8051982, 1669296289.916157, 1669296291.011749, 1669296292.083731, 1669296293.428728, 1669296294.503126, 1669296295.6200168, 1669296296.834622, 1669296297.930631, 1669296299.121433, 1669296300.25396, 1669296301.3796911, 1669296302.678498, 1669296303.7667232, 1669296304.896582, 1669296306.045866, 1669296307.1651351, 1669296308.530289, 1669296309.652359, 1669296310.770157, 1669296311.930393, 1669296313.111325, 1669296314.3039749, 1669296315.4175518],