{"XFEL.FEL/UNDULATOR.SASE1/CAX.CELL3.SA1/FIELD.OFFSET": [0.03099999949336052, -0.019000000506639483, 0.03099999949336052, 0.03099999949336052, 0.03099999949336052, 0.03099999949336052, 0.03099999949336052, 0.014333332826693853, 0.005999999493360518, 0.005999999493360518, -0.006500000506639486, -0.0023333338399728135, -0.019000000506639483, -0.013444444951083927, -0.035666667173306146, -0.028259259765898742, 0.01865432048101484, -0.035460905856433717, -0.04115363562323757, -0.044217193007782596, -0.006554298631925262, 0.014469554439252914, -0.02724783810761494, 0.011514513922055328, -0.02371705091181145, -0.03985207489612955, -0.009457087346947238, -0.00924597501274646, -0.03293390580884298, -0.03391724156810148, -0.015413791651585212, -0.011970696321223107, -0.023428552661016983, -0.03828898713994339, -0.004470181623677037, -0.031006601578016414, -0.04204834058321574, -0.01760490065601436, -0.006321745295576595, -0.030297176678851692, -0.013367655891115292, -0.017592072551480854, -0.002972774984534139, -0.025443623102765767, -0.023836166292185407, -0.017519385311735268, -0.021633656312374586, -0.022963746759961157, -0.01937835458612979, -0.02106983088081338], "XFEL.FEL/UNDULATOR.SASE1/CAY.CELL3.SA1/FIELD.OFFSET": [0.029999999329447746, 0.029999999329447746, -0.020000000670552256, 0.029999999329447746, 0.029999999329447746, 0.029999999329447746, 0.029999999329447746, 0.07999999932944775, 0.12999999932944775, 0.06333333266278107, 0.07999999932944775, 0.0744444437738922, 0.09666666599611441, 0.08925925858870701, 0.11888888821833665, 0.10901234500846009, 0.13534979356813087, 0.17046639164769192, 0.0768221301021958, 0.06444596793179494, 0.11361149148003453, 0.1298869576183265, 0.09008833698122845, 0.009450011184009201, 0.13021229653177124, 0.13887605812525008, 0.10315161681850109, 0.07293143872409988, 0.1281949564653815, 0.14812913409560102, 0.09173086256697516, 0.13151974436705466, 0.10044618882768501, 0.10360815565079876, 0.06658762151409942, 0.12080394897246244, 0.10819617353883554, 0.10441275599858468, 0.10800783482246651, 0.1047080754437157, 0.08544675032455396, 0.10080469763495431, 0.06392584372044874, 0.11212767827914832, 0.1071888761895795, 0.09559536597262623, 0.09637859723415763, 0.09009248594905159, 0.09603127428510998, 0.09629176649689573], "XFEL.FEL/UNDULATOR.SASE1/CAY.CELL7.SA1/FIELD.OFFSET": [0.09804458916187286, 0.09804458916187286, 0.09804458916187286, 0.14804458916187285, 0.09804458916187286, 0.09804458916187286, 0.09804458916187286, 0.11471125582853953, 0.12304458916187286, 0.12304458916187286, 0.13554458916187287, 0.1313779224952062, 0.14804458916187285, 0.14248903360631732, 0.16471125582853952, 0.15730384842113213, 0.1770569348408852, 0.1367277167338893, 0.09427229835254501, 0.13869388042844807, 0.12695691197851666, 0.17836104244643314, 0.11529448437601705, 0.12876121327913143, 0.13473609087019983, 0.14634150808725688, 0.10842813538337252, 0.1222265744386957, 0.12253429346151916, 0.1317882145256375, 0.12461698446043114, 0.14182780461645417, 0.12192781443612632, 0.1284890111664911, 0.10315358275082899, 0.1355445267531499, 0.15010575257797246, 0.11884753968202251, 0.12683105296669767, 0.12807452161654276, 0.1172855356678365, 0.12935482172876345, 0.1310218521257854, 0.12465618312758572, 0.12895222734925826, 0.12570079518263794, 0.12299638123221743, 0.1348866104623567, 0.13470117865554154, 0.12592258058804845], "XFEL.FEL/UNDULATOR.SASE1/CAX.CELL8.SA1/FIELD.OFFSET": [0.04899999871850014, 0.04899999871850014, 0.04899999871850014, 0.04899999871850014, 0.09899999871850014, 0.04899999871850014, 0.04899999871850014, 0.0656666653851668, 0.07399999871850013, 0.007333332051833466, -0.03850000128149987, 0.04344444316294458, 0.040666665385166806, 0.04159259131109273, 0.037888887607389024, 0.03912345550862359, 0.03583127443866475, 0.03144169967871961, 0.04314723237190663, -0.005305747356793268, 0.054173562199676784, 0.029222462265723625, 0.03966603984536088, 0.043669441681124396, 0.03449863517932081, 0.07683291035050632, 0.05761260517434378, 0.06994208216865422, 0.069828820520267, 0.04329342763176162, 0.06327991853443107, 0.08144076285141168, 0.05010972059687358, 0.06557862662949471, 0.03916785057166129, 0.06741664540579506, 0.0616561691583076, 0.05862349617033473, 0.05137177088343669, 0.0620269126929802, 0.04773717453619803, 0.06425325065822768, 0.04267562744748782, 0.0630405222520722, 0.049144730672537454, 0.059746121568957665, 0.046669022185650846, 0.04831395201198249, 0.06081673593877692, 0.05020595062393237], "XFEL.FEL/UNDULATOR.SASE1/CAX.CELL14.SA1/FIELD.OFFSET": [-0.026000000536441803, -0.026000000536441803, -0.026000000536441803, -0.026000000536441803, -0.026000000536441803, -0.0760000005364418, -0.026000000536441803, -0.042666667203108466, -0.051000000536441804, -0.051000000536441804, -0.06350000053644181, -0.059333333869775136, -0.0760000005364418, -0.0037777783142195764, 0.03233333279689154, -0.046370370906812175, -0.0531604943636023, -0.06221399230598913, -0.038071331126290915, -0.035922268483401104, -0.047230567523181624, -0.05190401669251557, -0.04152950251784708, -0.020866525583436667, -0.05187712562535102, -0.032372892382620394, -0.03233669583751944, -0.02031646452303674, 0.00014536683696685093, -0.03205089205643702, -0.023250071406386807, -0.004744710357806589, -0.03233330447783696, 0.005922108995976186, 0.0038294343149471513, -0.02332231070822851, 0.006798032812943167, -0.02255301367490379, -0.04095247957751245, -0.005796538147395971, -0.005866135686363575, 0.011967247680402665, -0.016570796686589204, -0.0040336740439221655, 0.013230107344252673, -0.014130026718726938, -0.030686303208913336, 0.0011228616350565934, 0.01985920611705612, -0.01804992587742097], "XFEL.FEL/UNDULATOR.SASE1/CAY.CELL14.SA1/FIELD.OFFSET": [0.010827827267348766, 0.010827827267348766, 0.010827827267348766, 0.010827827267348766, 0.010827827267348766, 0.010827827267348766, 0.06082782726734877, 0.027494493934015433, 0.03582782726734877, 0.03582782726734877, 0.04832782726734877, -0.022505506065984573, -0.06417217273265124, 0.016383382822904323, 0.019161160600682098, 0.01823523467475617, 0.020704370477225308, 0.023996551547184157, 0.015217402027293898, -0.0067761965095145225, 0.025176821323132946, 0.017154035162486703, 0.015701560311092096, 0.0056098885638990875, 0.01939988580136289, -0.011697367644927487, -0.004082309158896106, -0.013074358605589156, 0.031974749081890116, 0.03755997085065445, -0.00041577624152825364, 0.003411606416433081, 0.012629071837427343, -0.010246237757509637, 0.02711166117302341, -0.0019951104404397606, 0.02019233559314415, 0.001986352029113958, 0.03043379412063221, -7.622978797417433e-05, 0.02282229368771753, 0.01159585202661382, -0.014542790902941045, 0.020345364085682324, 0.02476811452954751, 0.005880196451240688, 0.010851267736281062, 0.02341573963616996, 0.01873898122896582, 0.012823196109452251], "method": "SimplexNorm", "dev_times": [1669278645.021635, 1669278649.2758899, 1669278653.806404, 1669278658.023953, 1669278662.2390661, 1669278666.477712, 1669278670.713491, 1669278675.2395241, 1669278679.4645162, 1669278683.8295412, 1669278688.173547, 1669278692.579607, 1669278696.8066719, 1669278701.011648, 1669278705.228225, 1669278709.4780722, 1669278713.84706, 1669278718.048136, 1669278722.281523, 1669278726.523277, 1669278730.764216, 1669278735.336834, 1669278739.5550132, 1669278743.887012, 1669278748.121738, 1669278752.364219, 1669278756.61106, 1669278760.8425841, 1669278765.3514419, 1669278769.5886269, 1669278774.035133, 1669278778.2802181, 1669278782.5416079, 1669278786.779475, 1669278791.048291, 1669278795.5050712, 1669278799.779146, 1669278804.372718, 1669278808.6124969, 1669278812.965406, 1669278817.193857, 1669278821.504147, 1669278825.757714, 1669278830.0092301, 1669278834.459317, 1669278838.713392, 1669278843.233956, 1669278847.483159, 1669278851.742309, 1669278856.17578],