{"XFEL.FEL/UNDULATOR.SASE1/CAX.CELL3.SA1/FIELD.OFFSET": [0.03099999949336052, 0.08099999949336052, 0.03099999949336052, 0.03099999949336052], "XFEL.FEL/UNDULATOR.SASE1/CAY.CELL3.SA1/FIELD.OFFSET": [0.029999999329447746, 0.029999999329447746, 0.07999999932944775, 0.029999999329447746], "XFEL.FEL/UNDULATOR.SASE1/CAY.CELL7.SA1/FIELD.OFFSET": [0.09804458916187286, 0.09804458916187286, 0.09804458916187286, 0.04804458916187286], "XFEL.FEL/UNDULATOR.SASE1/CAX.CELL8.SA1/FIELD.OFFSET": [0.04899999871850014, 0.04899999871850014, 0.04899999871850014, 0.04899999871850014], "XFEL.FEL/UNDULATOR.SASE1/CAX.CELL11.SA1/FIELD.OFFSET": [0.032584309577941895, 0.032584309577941895, 0.032584309577941895, 0.032584309577941895], "XFEL.FEL/UNDULATOR.SASE1/CAY.CELL11.SA1/FIELD.OFFSET": [0.07077378779649734, 0.07077378779649734, 0.07077378779649734, 0.07077378779649734], "method": "SimplexNorm", "dev_times": [1669295326.249701, 1669295330.868709, 1669295335.083934, 1669295339.4849548], "obj_times": [1669295326.171662, 1669295330.867015, 1669295335.0823119, 1669295339.483561, 1669295342.0700989, 1669295342.1230211], "maximization": true, "nreadings": [30], "function": "A @ A = XFEL.FEL/XGM/XGM.2643.T9/INTENSITY.SA1.RAW.TRAIN", "beam_energy": [16499.404296875, 16552.658203125, 16621.630859375], "wavelength": [0.13331633806228638, 0.061992097645998, 0.7749012112617493], "obj_values": [67.97741915384928, 60.86212736765544, 6.492765839894613, 177.16818923950194, 6.547820633649826, 5.146080589294433], "std": [26.592676946029435, 19.35709725214628, 2.1745845611172805, 26.719457130215353, 2.364583632330585, 0.6100236892700195], "ref_sase": [[273.2798767089844, 228.9602813720703], [124.20160675048828, 234.36642456054688]], "charge": [0.25049999356269836]}