{"XFEL.FEL/UNDULATOR.SASE1/CAX.CELL3.SA1/FIELD.OFFSET": [0.03099999949336052, -0.019000000506639483, 0.03099999949336052, 0.03099999949336052, 0.03099999949336052, 0.005999999493360518, -0.006500000506639486, -0.006500000506639486, -0.025250000506639482, 0.01693749949336052, 0.04271874949336052, -0.0014218755066394834, 0.0034609369933605166, 0.006830077618360519, -0.04026464894413949, -0.007928223162889492, -0.028637451678514482, -0.046371216326952, 0.024270873516798012, -0.02413076832890511, -0.016166824847459793, -0.030045647174119942, -0.008577818423509603, -0.011506194621324552, -0.042426116019487384, -0.006106529384851456, -0.022220089286565783, -0.01954161562025547, -0.007300939224660408, -0.022215449530631308, -0.030949583882465964, -0.04456552097108214, -0.01572127728140913, -0.02922026556625497, -0.03979009804752422, -0.021738482472937908, -0.02255021821601986, -0.027552753728696193, -0.019122484822923995, -0.027992809117580467, -0.030745298968233206, -0.024347911890031784, -0.02464561810081705, -0.02777278142313832, -0.028095102703605337, -0.02488410162966375, -0.024332524737552312, -0.022451235754525803, -0.022934717675226313, -0.026563265486160316, -0.024489071419184688, -0.024608313183608024, -0.025942639233124246, -0.026052653080345316], "XFEL.FEL/UNDULATOR.SASE1/CAY.CELL3.SA1/FIELD.OFFSET": [0.029999999329447746, 0.029999999329447746, -0.020000000670552256, 0.029999999329447746, 0.029999999329447746, 0.07999999932944775, 0.12999999932944775, 0.05499999932944775, 0.06749999932944775, 0.03937499932944775, 0.07218749932944775, 0.09328124932944774, 0.11085937432944776, 0.09298828057944775, 0.08844726495444774, 0.12235839776694776, 0.09905517511069777, 0.1020886223763228, 0.10890014581382275, 0.0935604851692915, 0.06059005670249462, 0.07332160882651807, 0.08829133920371532, 0.11986344270408156, 0.12038522176444533, 0.09009630493819715, 0.06563820950686933, 0.07919451780617238, 0.08475818336009983, 0.08826075140386822, 0.09354519126936793, 0.08993151285685602, 0.09005510691786187, 0.1062635945447255, 0.10350724924646786, 0.09341814250001337, 0.08087603559724812, 0.09991670480785617, 0.0967801956418498, 0.0943539423624884, 0.10511123098665964, 0.09247337129956607, 0.09666742365393476, 0.09713532358517228, 0.09948593995927697, 0.0940887281058622, 0.09441815011713571, 0.09188425519606508, 0.09541017975722213, 0.09670403762818473, 0.09554278688553523, 0.09425343911149896, 0.09716742746249593, 0.095776736851154], "XFEL.FEL/UNDULATOR.SASE1/CAY.CELL7.SA1/FIELD.OFFSET": [0.09804458916187286, 0.09804458916187286, 0.09804458916187286, 0.14804458916187285, 0.09804458916187286, 0.12304458916187286, 0.13554458916187287, 0.13554458916187287, 0.07929458916187286, 0.13085708916187286, 0.14570083916187287, 0.16952896416187288, 0.15605240166187287, 0.14975357353687285, 0.14323501884937287, 0.15723648369312287, 0.14676895439624787, 0.14527664482593539, 0.15505447685718537, 0.146189883351326, 0.13552971184253693, 0.10623760521411896, 0.1537061244249344, 0.14932506382465363, 0.1749504238367081, 0.13602104783058167, 0.14201794117689134, 0.14384472183883193, 0.14398054089397194, 0.1316015080548823, 0.13513757516629996, 0.14265533189754936, 0.1376796188473236, 0.13174910639354495, 0.13494895315816394, 0.13699695242503368, 0.14350338862768697, 0.13468767695208045, 0.13988997074782222, 0.1363256740616805, 0.14578812086263898, 0.13514816125682147, 0.13584231468855706, 0.13550667550688048, 0.14072831567416416, 0.13314459250348137, 0.12886231415133553, 0.1229293133899212, 0.13076177364084673, 0.13432045004037205, 0.1323523144199463, 0.13100345332740845, 0.131774995551708, 0.13218449482910802], "XFEL.FEL/UNDULATOR.SASE1/CAX.CELL8.SA1/FIELD.OFFSET": [0.04899999871850014, 0.04899999871850014, 0.04899999871850014, 0.04899999871850014, -0.0010000012814998654, 0.023999998718500136, 0.011499998718500132, 0.011499998718500132, -0.007250001281499864, 0.03493749871850014, -0.01428125128149986, 0.029078123718500142, -0.009789063781499865, 0.0013925768435001373, 0.04726660028100013, 0.03936865106225014, 0.06846411004662514, 0.10199987664818763, 0.03318884149193764, 0.04374716058373451, 0.043276045471429825, 0.060665533691644666, 0.03697497621178627, 0.04331707730889321, 0.07225166335701944, 0.03606291487812996, 0.04930750355124473, 0.04780989699065685, 0.050908788479864596, 0.064647878985852, 0.057583611970767376, 0.08318983411882072, 0.04784464468830265, 0.07146022585511673, 0.08323326874087797, 0.05669180070144648, 0.05223347499722877, 0.06665353814064474, 0.07064505196651681, 0.060848971969704735, 0.06168133144335854, 0.06390624210022863, 0.06167266942104561, 0.06375125505517473, 0.06755882409363494, 0.06565070856324837, 0.061305261496421785, 0.05817848019781521, 0.06388983375550551, 0.06378589973025743, 0.061488965458733696, 0.06347798502983508, 0.06397939981853326, 0.06252825827579826], "method": "SimplexNorm", "dev_times": [1669277727.7252018, 1669277731.9748778, 1669277736.206187, 1669277740.517484, 1669277744.7084658, 1669277748.933124, 1669277753.148173, 1669277757.3474839, 1669277761.53695, 1669277765.875658, 1669277770.097264, 1669277774.290283, 1669277778.4847648, 1669277782.6797261, 1669277787.112673, 1669277791.3424482, 1669277795.631271, 1669277799.8357189, 1669277804.049907, 1669277808.3529239, 1669277812.5479329, 1669277816.931683, 1669277821.17054, 1669277825.399176, 1669277829.5993412, 1669277833.841402, 1669277838.243854, 1669277842.460272, 1669277846.6394691, 1669277850.864413, 1669277855.091681, 1669277859.408234, 1669277863.634156, 1669277868.1062028, 1669277872.3541162, 1669277876.600338, 1669277880.834347, 1669277885.016906, 1669277889.3745332, 1669277893.592931, 1669277897.853735, 1669277902.0482922, 1669277906.268366, 1669277910.632749, 1669277914.842467, 1669277919.174149, 1669277923.3952541, 1669277927.584929, 1669277931.933908, 1669277936.163647, 1669277940.585422, 1669277944.816981, 1669277949.106189, 1669277953.3504891], "obj_times": [1669277727.720928, 1669277731.972977, 1669277736.203627, 1669277740.515887, 1669277744.7066162, 1669277748.931422, 1669277753.14657, 1669277757.345279, 1669277761.53521, 1669277765.8739278, 1669277770.095467, 1669277774.288411, 1669277778.483128, 1669277782.677551, 1669277787.1104598, 1669277791.340721, 1669277795.628983, 1669277799.834264, 1669277804.048535, 1669277808.351268, 1669277812.54662, 1669277816.929466, 1669277821.168983, 1669277825.397331, 1669277829.597537, 1669277833.839775, 1669277838.242124, 1669277842.458497, 1669277846.63765, 1669277850.862674, 1669277855.089848, 1669277859.4064808, 1669277863.6319768, 1669277868.104488, 1669277872.352559, 1669277876.598985, 1669277880.8326452, 1669277885.0151849, 1669277889.372257, 1669277893.590786, 1669277897.851742, 1669277902.046866, 1669277906.266666, 1669277910.631489, 1669277914.8408608, 1669277919.1725981, 1669277923.393172, 1669277927.581867, 1669277931.932514, 1669277936.161931, 1669277940.583425, 1669277944.8152452, 1669277949.104497, 1669277953.3492732, 1669277957.57934, 1669277960.721548], "maximization": true, "nreadings": [30], "function": "A @ A = XFEL.FEL/XGM/XGM.2643.T9/INTENSITY.SA1.RAW.TRAIN", "beam_energy": [16496.8046875, 16532.353515625, 16620.75390625], "wavelength": [0.13331633806228638, 0.061992097645998, 0.7749012112617493],