{"XFEL.FEL/UNDULATOR.SASE1/CAX.CELL3.SA1/FIELD.OFFSET": [0.03099999949336052, 0.08099999949336052, 0.03099999949336052, -0.019000000506639483, -0.019000000506639483, -0.04400000050663949, 0.005999999493360518, 0.01849999949336051, -0.06900000050663949, -0.019000000506639483, -0.006500000506639472, 0.05599999949336052, -0.037750000506639486, -0.06275000050663948, -0.011187500506639483, -0.045562500506639486, -0.01978125050663948, -0.03853125050663948, -0.023882813006639483, -0.03364843800663947, -0.015679688006639478, -0.001812500506639489, -0.025689453631639485, -0.02979101613163948, -0.03569921925663948, -0.023760742694139497, -0.027740234881639486, -0.022735352069139486, -0.02068457081913947, -0.023638672381639483, -0.028643555194139504, -0.03262304738163953, -0.03467382863163952, -0.040191406756639556, -0.041607422381639544, -0.02966894581913951, -0.03364843800663951, -0.030181641131639507, -0.031207031756639525, -0.03569921925663953, -0.03156103566288952, -0.034319824725389525, -0.03225073292851453, -0.03294043019413952, -0.03311743214726452, -0.03449682667851452, -0.033462280780077014, -0.03380712941288952, -0.03389563038945202, -0.03458532765507703], "XFEL.FEL/UNDULATOR.SASE1/CAY.CELL3.SA1/FIELD.OFFSET": [0.029999999329447746, 0.029999999329447746, -0.020000000670552256, -0.020000000670552256, 0.029999999329447746, 0.05499999932944775, 0.10499999932944776, 0.16749999932944776, 0.12999999932944775, 0.17999999932944777, 0.24249999932944777, 0.15499999932944777, 0.13624999932944776, 0.21124999932944777, 0.13156249932944775, 0.18468749932944775, 0.14484374932944777, 0.10109374932944777, 0.16027343682944775, 0.12082031182944776, 0.12941406182944776, 0.15343749932944778, 0.12897460870444777, 0.14440429620444775, 0.12853515557944772, 0.14076660089194776, 0.13668945245444775, 0.13690917901694777, 0.12919433526694774, 0.12125976495444776, 0.12104003839194777, 0.11696288995444777, 0.12467773370444778, 0.1263867180794478, 0.1126660149544478, 0.12489746026694776, 0.12082031182944777, 0.12682617120444778, 0.13068359307944777, 0.12853515557944778, 0.12725341729819778, 0.12810790948569778, 0.12746704034507278, 0.12768066339194778, 0.12596557550132276, 0.12639282159507276, 0.12607238702476026, 0.12617919854819776, 0.12532165460288527, 0.1255352776497603], "method": "SimplexNorm", "dev_times": [1669276853.639605, 1669276857.836066, 1669276862.030248, 1669276866.2526221, 1669276870.4592562, 1669276874.690086, 1669276878.867667, 1669276883.0623128, 1669276887.278249, 1669276891.467018, 1669276895.629979, 1669276899.815812, 1669276904.018493, 1669276908.2654662, 1669276912.515813, 1669276916.701494, 1669276920.8857868, 1669276925.1160362, 1669276929.397932, 1669276933.616012, 1669276937.879637, 1669276942.078094, 1669276946.303659, 1669276950.615754, 1669276954.803605, 1669276959.045043, 1669276963.2311838, 1669276967.4074812, 1669276971.686133, 1669276975.873385, 1669276980.073549, 1669276984.250496, 1669276988.4907641, 1669276992.764535, 1669276996.9457989, 1669277001.173737, 1669277005.367032, 1669277009.5725398, 1669277013.83038, 1669277018.0043972, 1669277022.234163, 1669277026.430531, 1669277030.6517818, 1669277034.912448, 1669277039.117315, 1669277043.379806, 1669277047.56585, 1669277051.763205, 1669277055.986409, 1669277060.184074], "obj_times": [1669276853.629905, 1669276857.834441, 1669276862.028736, 1669276866.250241, 1669276870.457883, 1669276874.687791, 1669276878.865654, 1669276883.060574, 1669276887.276174, 1669276891.465311, 1669276895.628264, 1669276899.8143868, 1669276904.016861, 1669276908.264055, 1669276912.5141609, 1669276916.6994948, 1669276920.8844821, 1669276925.1138802, 1669276929.396211, 1669276933.613898, 1669276937.87814, 1669276942.0765572, 1669276946.30208, 1669276950.613558, 1669276954.801887, 1669276959.0436301, 1669276963.2291148, 1669276967.404295, 1669276971.684309, 1669276975.872025, 1669276980.072192, 1669276984.248967, 1669276988.4699981, 1669276992.763044, 1669276996.9443898, 1669277001.172341, 1669277005.365411, 1669277009.570878, 1669277013.8270268, 1669277018.002625, 1669277022.232667, 1669277026.4280078, 1669277030.649809, 1669277034.910881, 1669277039.1156669, 1669277043.3779871, 1669277047.564502, 1669277051.7614772, 1669277055.984329, 1669277060.181888, 1669277064.456345, 1669277067.653994], "maximization": true, "nreadings": [30], "function": "A @ A = XFEL.FEL/XGM/XGM.2643.T9/INTENSITY.SA1.RAW.TRAIN", "beam_energy": [16495.31640625, 16530.185546875, 16618.697265625], "wavelength": [0.13331633806228638, 0.061992097645998, 0.7749012112617493], "obj_values": [374.6459177652995, 386.4760223388672, 40.53571751912435, 65.3771608988444, 120.92473882039388, 946.5373189290365, 1234.2285400390624, 1949.5438883463542, 1473.0614013671875, 1677.8081502278646, 2512.692626953125, 1799.8361572265626, 613.5793802897135, 2552.747981770833, 1771.3542236328126, 2375.599727376302, 2229.7680623372394, 2668.943180338542, 2416.3280436197915, 2544.0432942708335, 2635.810791015625, 2657.07763671875, 2362.9511922200522, 2781.6042724609374, 2669.5866943359374, 2446.7362711588544, 2603.2982421875, 2669.451180013021, 2724.5017903645835, 2729.048388671875, 2769.0830810546877, 2808.36142578125, 2818.391389973958, 2864.764884440104, 2633.4450846354166, 2264.020849609375, 2682.7801106770835, 2733.419482421875, 2811.6892822265627, 2829.743416341146, 2733.3097412109373, 2814.040706380208, 2764.788126627604, 2790.919189453125, 2857.8080322265623, 2777.4352132161457, 2641.8867024739584, 2588.278987630208, 2699.008154296875, 2684.981412760417, 2743.939835611979, 2684.663134765625], "std": [100.76166239143737, 80.58014116437988, 11.05269878618421, 13.954737828306794, 32.26651051082816, 166.69847593214675, 167.40116914789664, 207.574188265879, 175.598443126759, 203.23577417287487, 91.17387647779431, 76.18880007639257, 94.99886792822507, 175.07548066006254, 109.41437070800833, 198.71036088183916, 111.5281079687619, 89.48979646931551, 130.10924810081127, 84.39443382001147, 137.99858698909034, 122.59183747808311, 184.43804970109127, 88.0472853248138, 108.72376990031316, 179.78647491181104, 136.98652573859613, 97.042036001522, 67.1802103873143, 128.62661428674895, 81.6917794483558, 78.99564577565775, 78.79818210405814, 88.70280570141313, 123.1398206140878, 160.11924429785594, 101.51830043216302, 112.07467944284222, 87.27150608733245, 108.85845712460271, 80.59282721038018, 85.14468534055052, 90.74138804976664, 57.94344641290122, 77.16686742297192, 94.0617036500487, 137.19586511955308, 109.70270346815028, 115.29628738628209, 95.2481158342538, 126.201675241531, 132.63170155081525], "ref_sase": [[1018.0172729492188, 209.4114990234375], [2707.97802734375, 225.93675231933594]], "charge": [0.24905000627040863]}