{"XFEL.FEL/UNDULATOR.SASE1/CAX.CELL14.SA1/FIELD.OFFSET": [-0.026000000536441803, 0.0239999994635582, -0.026000000536441803, -0.026000000536441803, -0.026000000536441803, -0.026000000536441803, -0.026000000536441803, -0.0760000005364418, -0.042666667203108466, -0.03016666720310847, 0.02261111057466931, -0.011185185721626988, -0.07106172893150353, -0.037471193952079665, -0.035739369535070065, 0.016929811992136154, -0.04906384370059361, -0.03581986412430951, -0.026107326655427726, -0.03333135881515948, -0.007538690861426139, -0.011355612683415789, -0.029703801264086074, -0.02966567967580064, -0.02043502483829281, -0.022258272268393234, -0.03540127638361957, -0.02966567967580064, -0.034575611469734494, -0.03876660468440931, -0.034639521580405286, -0.033017144578536786, -0.03050354590148468, -0.02674985759518633, -0.04299538847892585, -0.02607511574845107, -0.034366317599389525, -0.032952411142552124, -0.03502039898201243, -0.03107556698940295, -0.03253347802971011, -0.02791815061095619, -0.03304456253960082, -0.03936869393456961, -0.03897565320451175, -0.04292569631206615, -0.03722134779623258, -0.03650759024702182, -0.03706299683527947, -0.03655234737196271], "XFEL.FEL/UNDULATOR.SASE1/CAY.CELL14.SA1/FIELD.OFFSET": [0.010827827267348766, 0.010827827267348766, 0.06082782726734877, 0.010827827267348766, 0.010827827267348766, 0.010827827267348766, 0.010827827267348766, 0.027494493934015433, -0.03361661717709569, 0.03721671615623766, 0.0029574568969783967, 0.017000666773521605, 0.029552107102739714, 0.027923163344166325, -0.001563576482079677, -0.0042708619568548635, 0.02109636483784107, 0.017876263735366854, 0.03674761422394414, 0.008014221194426277, 0.009726958356218462, 0.010230624332309882, 0.01596485388460261, 0.009421024230887521, 0.008870589775322369, 0.012507443983973942, 0.017968692269296302, 0.009421024230887521, 0.012945242464896565, 0.00970615407126491, 0.010406476549442168, 0.013121057930536213, 0.010346032655799694, 0.008730436426828213, 0.012758371333571022, 0.009842535164884533, 0.012991456731861289, 0.014157362462547998, 0.014187584409369234, 0.013349564348062257, 0.013694858250091911, 0.013419641022309334, 0.014996575497723562, 0.015797437550644212, 0.016683471959085275, 0.018350425764596785, 0.018272251317694235, 0.016952052671236, 0.01799761306080855, 0.01704510589794872], "XFEL.FEL/UNDULATOR.SASE1/CAX.CELL21.SA1/FIELD.OFFSET": [0.0218534953892231, 0.0218534953892231, 0.0218534953892231, 0.0718534953892231, 0.0218534953892231, 0.0218534953892231, 0.0218534953892231, 0.03852016205588976, 0.044075717611445325, 0.027409050944778655, 0.02370534724107495, -0.025677368808307767, 0.006009873990046145, 0.0025805187088390052, -0.011251214258696428, 0.004394266613121894, 0.0056059721458150795, -0.01686519586719107, 0.014368186577896902, -0.004846364049548094, -0.005973111891735657, 0.020128750779755632, -0.007616709205454392, 0.008503565669837503, -0.005409737970641877, -0.015261866428927927, -0.0011329226703545442, 0.008503565669837503, -0.010855779958369581, 0.013515975325848232, 0.006321514887154191, -0.010976807033811632, 0.003633472493925219, 0.01321228941182705, 0.01397358988492232, -0.000563906006750832, -0.002989643359951319, 0.0012502749117853373, 0.0025942961083998232, 0.006039683370736255, 0.003685321499741479, -0.003271330320498207, -0.0028552021530356964, 0.0042401590563581615, -0.005670696073002329, -0.01152588579487162, 0.0024649464200015674, 0.0011012989750133484, -0.0036166587594783986, -0.002063920042508844], "XFEL.FEL/UNDULATOR.SASE1/CAY.CELL21.SA1/FIELD.OFFSET": [0.01668151281774044, 0.01668151281774044, 0.01668151281774044, 0.01668151281774044, 0.06668151281774044, 0.01668151281774044, 0.01668151281774044, 0.0333481794844071, 0.03890373503996267, 0.022237068373295997, 0.01853336466959229, 0.03581731528687625, 0.03972678030745237, 0.04926038798920821, 0.05271260563895673, 0.039551502148635134, 0.03968296076774806, 0.07026391895501627, 0.04008326390581983, 0.049555270205672505, 0.05640367858966998, 0.021202640280619675, 0.057998599286417124, 0.03311839151170647, 0.05297947439767124, 0.042686292746274376, 0.049407829097440355, 0.058118391511706474, 0.059909594580344394, 0.058343357688572774, 0.05442909145299817, 0.07501482557023789, 0.04359250002633933, 0.04278459098359831, 0.046316416694913806, 0.05131370997198189, 0.04948154965155643, 0.04650016456188985, 0.051918460275219264, 0.046096210040519336, 0.05376311030457342, 0.0511936517475558, 0.044436178153486924, 0.04475314551248159, 0.04940289904350547, 0.05105624354499854, 0.04599134256311805, 0.04686389433522765, 0.04186957662612467, 0.044381797538398327], "XFEL.FEL/UNDULATOR.SASE1/CAX.CELL24.SA1/FIELD.OFFSET": [-0.1685377061367035, -0.1685377061367035, -0.1685377061367035, -0.1685377061367035, -0.1685377061367035, -0.11853770613670349, -0.1685377061367035, -0.15187103947003683, -0.14631548391448126, -0.16298215058114793, -0.16668585428485164, -0.1494019036675677, -0.14549243864699157, -0.13595883096523573, -0.13250661331548721, -0.1456677168058088, -0.14553625818669585, -0.11495529999942766, -0.1451359550486241, -0.13566394874877144, -0.12881554036477397, -0.16401657867382427, -0.1272206196680268, -0.12710082744273746, -0.1322397445567727, -0.14253292620816957, -0.13581138985700358, -0.15210082744273745, -0.12530962437409954, -0.12687586126587116, -0.13079012750144578, -0.14353772671753937, -0.13121005226143795, -0.14729573908195676, -0.1453842837410116, -0.13552587935283242, -0.1357376693028875, -0.13351072105922077, -0.13330075867922467, -0.14155356446948014, -0.14395610864987052, -0.13402556720688813, -0.12735711487503107, -0.13506483887406112, -0.12537393307966274, -0.11728411738475406, -0.12773524950518048, -0.12973585445460722, -0.1289838587206375, -0.1300630837102843], "XFEL.FEL/UNDULATOR.SASE1/CAY.CELL24.SA1/FIELD.OFFSET": [-0.008999999612569809, -0.008999999612569809, -0.008999999612569809, -0.008999999612569809, -0.008999999612569809, -0.008999999612569809, 0.041000000387430194, 0.0076666670540968575, 0.013222222609652414, -0.003444444057014253, -0.007148147760717958, 0.010135802856565995, 0.014045267877142123, -0.04308779110776871, -0.01185779568024242, -0.03798186213352698, 0.0010384853744748491, -0.011590432981466827, -0.008643516014202351, -0.011054225763732403, -0.02557070078165537, -0.017601871692443212, -0.013093292659210921, -0.010027112688151107, -0.01831246327269389, -0.000459211453583205, -0.027071008435750554, -0.010027112688151107, -0.011322329372599615, -0.02881220595344302, -0.021723957328478066, -0.023143252932317438, -0.013306147749192688, -0.022509309040066622, -0.01691812372909659, -0.017963878386794564, -0.01906261709974148, -0.020188578092471623, -0.02439748288211431, -0.024790158737908585, -0.018549060561950832, -0.02269173585422222, -0.02751813313878543, -0.024984256941368438, -0.02295053345883536, -0.022030720819298747, -0.02997404721670043, -0.02724618968746069, -0.025588750369443056, -0.025290933497610867], "method": "SimplexNorm", "dev_times": [1669295642.8905149, 1669295647.108474, 1669295651.4311612, 1669295655.999035, 1669295660.2643788, 1669295664.7518861, 1669295669.0015302, 1669295673.354045, 1669295677.568008, 1669295681.767509, 1669295686.088285, 1669295690.325387, 1669295694.773498, 1669295698.995711, 1669295703.2112389, 1669295707.459373, 1669295711.704439, 1669295716.2086568, 1669295720.429865, 1669295724.766429, 1669295729.004732, 1669295733.264384, 1669295737.5031219, 1669295741.790377, 1669295746.097301, 1669295750.359081, 1669295754.721266, 1669295758.997568, 1669295763.243773, 1669295767.5087879, 1669295771.85946, 1669295776.319123, 1669295780.586405, 1669295785.069621, 1669295789.333962, 1669295793.731477, 1669295798.0120928, 1669295802.292654, 1669295806.539061, 1669295810.8708138, 1669295815.311427, 1669295819.569739, 1669295824.0161972, 1669295828.2763112, 1669295832.543068, 1669295836.849717, 1669295841.163747, 1669295845.4339042, 1669295849.72961, 1669295854.287971],