{"XFEL.FEL/UNDULATOR.SASE1/CAX.CELL3.SA1/FIELD.OFFSET": [0.03099999949336052, 0.08099999949336052, 0.03099999949336052, 0.03099999949336052, 0.03099999949336052, 0.03099999949336052, 0.03099999949336052, 0.04766666616002718, -0.013444444951083934, 0.010166666160027184, 0.02961111060447163, 0.0306527772711383, 0.02949536986373089, 0.029871527271138298, 0.006896990234101258, 0.04330709825879262, 0.018451774184718543, 0.01829102315591196, 0.027822755408998378, 0.018736571424087543, 0.02152031038585023, 0.04658554851170757, 0.016819129803502836, 0.017755582689162414, 0.027688895292310993, 0.017114844251775535, 0.012139236949024988, 0.024365856423026452, 0.018927597294588264, 0.03160425050763143, 0.0170054903386766, 0.024809618656590558, 0.020041235302686547, 0.027516298204200835, 0.030833540290868485, 0.02046250282672457, 0.0259661177239863, 0.02263176222038425, 0.02485466588945228, 0.0188527896832393, 0.016137550597695616, 0.02467161130257453, 0.02025186906470556, 0.019657646254981936, 0.019695050060656416, 0.024142629117861476, 0.022658584358088426, 0.0239894005154627, 0.018300026712210093, 0.022179241125100245, 0.020288044972511514, 0.0215605435924065, 0.02035718594571506, 0.020078776443690494, 0.02230256597229302, 0.019381264769467332, 0.020060074540853255], "XFEL.FEL/UNDULATOR.SASE1/CAX.CELL5.SA1/FIELD.OFFSET": [-0.03654385730624199, -0.03654385730624199, -0.08654385730624199, -0.03654385730624199, -0.03654385730624199, -0.03654385730624199, -0.03654385730624199, -0.05321052397290865, -0.058766079528464216, -0.05321052397290865, -0.06432163508401977, -0.04348830175068644, -0.06663644989883458, -0.05911330175068644, -0.051937375824760504, -0.05151299310871112, -0.05278614125685927, -0.07359375442558355, -0.04580633158607738, -0.04658865325960276, -0.049719815382373675, -0.05302539237139974, -0.05220937996142032, -0.006974085108311028, -0.06665141425675924, -0.057750678165890856, -0.07176406289688493, -0.055228370280900746, -0.057120101194643336, -0.03633366498249281, -0.0629064634182869, -0.05868502734299434, -0.05426086277839304, -0.05994561624409087, -0.048261583729158945, -0.05924524349600492, -0.06462337446961591, -0.05344570515418423, -0.06089748469780536, -0.04577379907557905, -0.04775565803207682, -0.05689812669108736, -0.05675305313719898, -0.05250952128579198, -0.05818267234532412, -0.05252578754104115, -0.06007136409690514, -0.05959542987004789, -0.05350045076404087, -0.06091666917437974, -0.05461130825793892, -0.05965830379645502, -0.057999148316601946, -0.05871395792066452, -0.055885515518523034, -0.0563728471300229, -0.05587738239089845], "XFEL.FEL/UNDULATOR.SASE1/CAX.CELL7.SA1/FIELD.OFFSET": [0.03500000014901161, 0.03500000014901161, 0.03500000014901161, 0.08500000014901161, 0.03500000014901161, 0.03500000014901161, 0.03500000014901161, -0.01499999985098839, 0.018333333482344946, 0.02250000014901161, 0.014166666815678276, 0.029791666815678276, 0.012430555704567164, 0.018072916815678276, 0.07345486126012273, 0.05293981496382642, 0.030109953852715317, 0.03880979953172766, 0.035952449994690626, 0.06169672725806511, 0.0507907746474684, -0.0012399127239307792, 0.05478116776410935, 0.043808670925546245, 0.03720216784314527, 0.051487171268035245, 0.05177456164104313, 0.03538318731302212, 0.04746117527928197, 0.03365800148609385, 0.047245421602305805, 0.06103443185761849, 0.03784107335394111, 0.03071651980950171, 0.032742632040370555, 0.043619724211821996, 0.026806928849992487, 0.04479481319809942, 0.03280289029936147, 0.03892910980638768, 0.04815228783899324, 0.03507546181687459, 0.04073039878288155, 0.04127441700910484, 0.04554044974555198, 0.03978608710325631, 0.03821130725559173, 0.03716812201066185, 0.045886006025407614, 0.04331690736573222, 0.041785039598261686, 0.04091551573370686, 0.04217506149735177, 0.044580086978686984, 0.041702905657539154, 0.0447528651186148, 0.04244707061046342], "XFEL.FEL/UNDULATOR.SASE1/CAX.CELL9.SA1/FIELD.OFFSET": [-0.016877107322216034, -0.016877107322216034, -0.016877107322216034, -0.016877107322216034, -0.06687710732221604, -0.016877107322216034, -0.016877107322216034, -0.0335437739888827, -0.03909932954443826, -0.0335437739888827, -0.04465488509999381, -0.023821551766660478, -0.04696969991480862, -0.03944655176666048, -0.03227062584073455, -0.03184624312468517, -0.033119391272833316, -0.05392700444155759, -0.026139581602051425, -0.0269219032755768, -0.03005306539834772, -0.03335864238737379, -0.03254262997739436, -0.05397400179095174, -0.02615133093939996, -0.047806150404087124, 0.0016063907908447396, -0.0009937190623068894, -0.036103042568642066, -0.06297607137706769, -0.014539224751133367, -0.022056900472822986, -0.030353768572830734, -0.021904041300074062, -0.042362385375981956, -0.021495014907345514, -0.02399586123176687, -0.028538764356702506, -0.02551016227341208, -0.027683872802052, -0.033857772942037206, -0.024892474210564848, -0.025924391740088124, -0.024589443854698755, -0.02879902873799379, -0.023817298254698468, -0.023502588590378796, -0.021699528103709786, -0.027676393924691362, -0.025815461530366596, -0.024895948273615714, -0.022498801748862155, -0.02370970332371682, -0.025147021822669653, -0.02265615658102199, -0.024585704416018435, -0.023042229381022135], "XFEL.FEL/UNDULATOR.SASE1/CAX.CELL11.SA1/FIELD.OFFSET": [0.032584309577941895, 0.032584309577941895, 0.032584309577941895, 0.032584309577941895, 0.032584309577941895, 0.0825843095779419, 0.032584309577941895, 0.04925097624460856, 0.05480653180016412, 0.04925097624460856, -0.006304579310946995, 0.06036208735571967, 0.05295467994831227, 0.047862087355719674, 0.03582505031868263, 0.03134974167670733, 0.044775667602633254, 0.05208019435160445, 0.03745828077135753, 0.03333448104570596, 0.036966382623209386, 0.04575196218425191, 0.03830677828507495, 0.050900192494037, 0.03716328030696567, 0.015389479033341223, 0.03743564662958544, 0.06197919970626753, 0.027036909201572798, 0.036466786300685755, 0.037193431547360524, 0.026599353309213702, 0.04023158902927837, 0.03370984620817314, 0.03366199783282511, 0.036310573118726666, 0.03367044358881534, 0.036142397864610876, 0.03449442834741385, 0.03258392858520845, 0.03566205680967942, 0.03419789885854971, 0.03827108107400252, 0.03444725085196756, 0.03167374116014973, 0.0368844269450421, 0.03540250073307026, 0.03501020966344991, 0.03598631496420304, 0.03706229514643055, 0.035101011925583306, 0.03585653692589846, 0.037290827096364595, 0.0339921571394382, 0.03659750003188438, 0.036148444041464854, 0.035378911985347115], "XFEL.FEL/UNDULATOR.SASE1/CAX.CELL13.SA1/FIELD.OFFSET": [0.10970067977905273, 0.10970067977905273, 0.10970067977905273, 0.10970067977905273, 0.10970067977905273, 0.10970067977905273, 0.05970067977905273, 0.09303401311238607, 0.08747845755683051, 0.09303401311238607, 0.08192290200127496, 0.10275623533460829, 0.14627475385312683, 0.12463123533460829, 0.12347382792720088, 0.13362043286547248, 0.10318061805065767, 0.1147804122893408, 0.11097061290662476, 0.09529631592445739, 0.10263004577699512, 0.08950579594846289, 0.11498181993251638, 0.10503932414776558, 0.10853534087123094, 0.11391013710441758, 0.10836884510176141, 0.10231229044217785, 0.11101067543885765, 0.10873419255719942, 0.10846018196562092, 0.11568227424662425, 0.10630603209964931, 0.10098914308714318, 0.10502043476121274, 0.10760024516451887, 0.11250730407901312, 0.10509936035249962, 0.11003798950350863, 0.10710289186220319, 0.11668700590464429, 0.10491360879151845, 0.1069531386320841, 0.10735156851336103, 0.10930546030168826, 0.10928542903557181, 0.10881911733401374, 0.10429469412583103, 0.11214362553458157, 0.11068410348745843, 0.10818470225688538, 0.1082096812492663, 0.10727669189830148, 0.10845285273310357, 0.10844283710004535, 0.10987193534955023, 0.10747590683893996], "method": "SimplexNorm",