{
    "metadata": {
        "input": [
            "test/variable/x1",
            "test/variable/x2"
        ],
        "objective": "NoisyRosenbrock",
        "nreadings": 5,
        "interval": 0.01,
        "max_iter": 100,
        "bounds": [
            [
                -3,
                -3
            ],
            [
                3,
                3
            ]
        ],
        "acquisition": "UCB",
        "step_limit_type": "proximal",
        "proximal_len": [
            0.5,
            0.5
        ],
        "step_size": 0.10000000149011612,
        "fixed_noise": true
    },
    "X": [
        [
            -2.509549140930176,
            -2.6926242113113403
        ],
        [
            1.6368920803070068,
            1.3837566375732422
        ],
        [
            -1.9066064357757568,
            1.1483337879180908
        ],
        [
            2.3879746198654175,
            0.30262649059295654
        ],
        [
            -2.426326274871826,
            -0.32675814628601074
        ],
        [
            -2.5139222145080566,
            0.05607461929321289
        ],
        [
            -0.6505004167556763,
            1.5414115190505981
        ],
        [
            1.9941987991333008,
            -0.9700005054473877
        ],
        [
            -2.7760813236236572,
            -1.9130741357803345
        ],
        [
            -0.0339735746383667,
            -1.71123468875885
        ],
        [
            -0.8180242776870728,
            -0.4377427101135254
        ],
        [
            0.4840167462825775,
            0.31091514229774475
        ],
        [
            0.9355407357215881,
            1.656437635421753
        ],
        [
            -0.40395674109458923,
            0.6249459981918335
        ],
        [
            -1.2233582735061646,
            0.7136855125427246
        ],
        [
            0.026091817766427994,
            -0.5207180976867676
        ],
        [
            1.090912938117981,
            0.6237786412239075
        ],
        [
            1.4081333875656128,
            2.1952738761901855
        ],
        [
            1.300182580947876,
            1.5585581064224243
        ],
        [
            0.08634324371814728,
            0.5384533405303955
        ],
        [
            0.4758914113044739,
            -0.22945953905582428
        ],
        [
            0.7600295543670654,
            0.5312772989273071
        ],
        [
            -0.23501642048358917,
            0.005109474528580904
        ],
        [
            0.20174111425876617,
            0.013997530564665794
        ],
        [
            0.9303810000419617,
            0.8826928734779358
        ],
        [
            -0.048283327370882034,
            0.030891355127096176
        ],
        [
            0.3603438436985016,
            0.11593553423881531
        ],
        [
            1.4001741409301758,
            1.8843351602554321
        ],
        [
            0.8253231048583984,
            0.7323458194732666
        ],
        [
            1.0895098447799683,
            1.1593180894851685
        ],
        [
            0.6192898154258728,
            0.3705011308193207
        ],
        [
            1.006058931350708,
            0.9979386329650879
        ],
        [
            1.3435583114624023,
            1.8336308002471924
        ],
        [
            1.0379308462142944,
            1.0597976446151733
        ],
        [
            0.5330747365951538,
            0.24725784361362457
        ],
        [
            0.6756468415260315,
            0.5000072121620178
        ],
        [
            1.1547737121582031,
            1.301826000213623
        ],
        [
            0.9070881605148315,
            0.8045575618743896
        ],
        [
            -0.43513378500938416,
            0.17130212485790253
        ],
        [
            0.6144134402275085,
            0.3675132989883423
        ],
        [
            0.9668412804603577,
            0.9246636629104614
        ],
        [
            -0.7013087868690491,
            0.49323779344558716
        ],
        [
            0.4338219165802002,
            0.181014284491539
        ],
        [
            0.7479560971260071,
            0.5623996257781982
        ],
        [
            -0.5813176035881042,
            0.3403560519218445
        ],
        [
            0.8345579504966736,
            0.6827589273452759
        ],
        [
            0.7096498012542725,
            0.5092354416847229
        ],
        [
            0.09849187731742859,
            0.003764177905395627
        ],
        [
            0.2891542613506317,
            0.07862014323472977
        ],
        [
            0.6718301773071289,
            0.4364704489707947
        ],
        [
            0.884404182434082,
            0.7745984196662903
        ],
        [
            1.0386624336242676,
            1.061161756515503
        ],
        [
            1.0974273681640625,
            1.1748266220092773
        ],
        [
            0.81899493932724,
            0.6720066070556641
        ],
        [
            0.14114440977573395,
            0.013642479665577412
        ],
        [
            0.5285980105400085,
            0.27459895610809326
        ],
        [
            0.7689039707183838,
            0.6149311065673828
        ],
        [
            1.3677730560302734,
            1.862208366394043
        ],
        [
            1.4057037830352783,
            1.9521955251693726
        ],
        [
            0.972939670085907,
            0.9407733082771301
        ],
        [
            -0.27484142780303955,
            0.10203181952238083
        ],
        [
            0.759901225566864,
            0.600712776184082
        ],
        [
            0.44799327850341797,
            0.19486844539642334
        ],
        [
            0.5872824192047119,
            0.35862091183662415
        ],
        [
            0.0648709386587143,
            -0.00202366360463202
        ],
        [
            0.8710825443267822,
            0.7482869625091553
        ],
        [
            0.801070511341095,
            0.6233357191085815
        ],
        [
            0.3739188611507416,
            0.13718663156032562
        ],
        [
            0.49572211503982544,
            0.2370622456073761
        ],
        [
            0.9371538758277893,
            0.8733888864517212
        ],
        [
            1.0354161262512207,
            1.0552911758422852
        ],
        [
            1.133642315864563,
            1.2527360916137695
        ],
        [
            1.3590970039367676,
            1.8415082693099976
        ],
        [
            1.1895952224731445,
            1.3868687152862549
        ],
        [
            1.3612079620361328,
            1.8461921215057373
        ],
        [
            1.407321810722351,
            1.9584705829620361
        ],
        [
            1.1044764518737793,
            1.1910308599472046
        ],
        [
            1.0833996534347534,
            1.1486278772354126
        ],
        [
            0.9357550144195557,
            0.8718321323394775
        ],
        [
            0.8922474384307861,
            0.7940472960472107
        ],
        [
            -0.10220899432897568,
            0.005783147178590298
        ],
        [
            0.26600366830825806,
            0.06268630921840668
        ],
        [
            0.732284426689148,
            0.5200565457344055
        ],
        [
            0.8442238569259644,
            0.7049114108085632
        ],
        [
            0.7668514847755432,
            0.6111711859703064
        ],
        [
            0.9561449289321899,
            0.9073725342750549
        ],
        [
            1.067871332168579,
            1.1183580160140991
        ],
        [
