{
    "metadata": {
        "input": [
            "test/variable/x1",
            "test/variable/x2"
        ],
        "objective": "Rosenbrock",
        "nreadings": 1,
        "interval": 0.05,
        "max_iter": 100,
        "bounds": [
            [
                -3,
                -3
            ],
            [
                3,
                3
            ]
        ],
        "acquisition": "UCB",
        "step_limit_type": "proximal",
        "proximal_len": [
            0.5,
            0.5
        ],
        "step_size": 0.10000000149011612
    },
    "X": [
        [
            -1.9065252542495728,
            1.2816256284713745
        ],
        [
            0.8815044164657593,
            -0.37502074241638184
        ],
        [
            -1.482424020767212,
            0.6481447219848633
        ],
        [
            0.19791698455810547,
            -0.23513317108154297
        ],
        [
            2.711894989013672,
            0.3033299446105957
        ],
        [
            -0.9207440614700317,
            1.861114740371704
        ],
        [
            -2.354160189628601,
            2.420579195022583
        ],
        [
            -1.6301929950714111,
            -1.6528408527374268
        ],
        [
            -1.643802523612976,
            -2.3425265550613403
        ],
        [
            2.3559340238571167,
            0.4137071371078491
        ],
        [
            0.178033247590065,
            0.7608336210250854
        ],
        [
            -0.35946136713027954,
            0.7192023992538452
        ],
        [
            0.3431738018989563,
            0.5162297487258911
        ],
        [
            1.3301575183868408,
            1.2909313440322876
        ],
        [
            1.370951533317566,
            0.5002604722976685
        ],
        [
            1.069511890411377,
            2.1866660118103027
        ],
        [
            1.479102611541748,
            2.155893087387085
        ],
        [
            -0.8652554750442505,
            0.810309648513794
        ],
        [
            0.44357752799987793,
            -0.03655910864472389
        ],
        [
            1.3887163400650024,
            1.8418909311294556
        ],
        [
            0.7013285160064697,
            0.5180554986000061
        ],
        [
            -0.09727200120687485,
            0.040784042328596115
        ],
        [
            0.10314677655696869,
            0.09459737688302994
        ],
        [
            -0.5274105668067932,
            0.27433109283447266
        ],
        [
            0.5667654275894165,
            0.3014804720878601
        ],
        [
            -0.28794923424720764,
            0.07211750000715256
        ],
        [
            -0.6891793608665466,
            0.5527296662330627
        ],
        [
            1.4128139019012451,
            1.8997102975845337
        ],
        [
            1.413088321685791,
            1.9406894445419312
        ],
        [
            0.5850098133087158,
            0.33420825004577637
        ],
        [
            -1.0345118045806885,
            1.0485830307006836
        ],
        [
            0.28474169969558716,
            0.09293455630540848
        ],
        [
            0.5127657651901245,
            0.2438557744026184
        ],
        [
            -0.0010060452623292804,
            0.010186814703047276
        ],
        [
            0.2606012523174286,
            0.07568617165088654
        ],
        [
            0.6257619261741638,
            0.37408652901649475
        ],
        [
            1.4106656312942505,
            1.9216378927230835
        ],
        [
            -0.20277324318885803,
            0.07828976958990097
        ],
        [
            0.460730642080307,
            0.19748404622077942
        ],
        [
            0.12309396266937256,
            0.03459738567471504
        ],
        [
            0.5758917331695557,
            0.31137287616729736
        ],
        [
            0.728423535823822,
            0.5313863158226013
        ],
        [
            1.4274327754974365,
            1.9262803792953491
        ],
        [
            0.6553533673286438,
            0.4279787540435791
        ],
        [
            0.3427746593952179,
            0.11171042174100876
        ],
        [
            -0.38772016763687134,
            0.18495063483715057
        ],
        [
            -0.023700447753071785,
            0.011573529802262783
        ],
        [
            -0.906606912612915,
            0.8343814611434937
        ],
        [
            -0.16686810553073883,
            0.06339743733406067
        ],
        [
            0.5726045370101929,
            0.3091033697128296
        ],
        [
            0.612616777420044,
            0.3566147983074188
        ],
        [
            0.747646689414978,
            0.5596020221710205
        ],
        [
            1.3928945064544678,
            1.927251935005188
        ],
        [
            0.6695204377174377,
            0.4463358223438263
        ],
        [
            0.20862282812595367,
            0.057572800666093826
        ],
        [
            0.13253918290138245,
            0.03334849327802658
        ],
        [
            0.3869835436344147,
            0.14000564813613892
        ],
        [
            0.6046130657196045,
            0.34794825315475464
        ],
        [
            0.5055031180381775,
            0.24671778082847595
        ],
        [
            0.742094099521637,
            0.5502461791038513
        ],
        [
            0.6448593735694885,
            0.39840397238731384
        ],
        [
            0.2988263666629791,
            0.08729599416255951
        ],
        [
            -0.3848573565483093,
            0.19089651107788086
        ],
        [
            0.04037204384803772,
            0.013300001621246338
        ],
        [
            0.6285306811332703,
            0.3794357180595398
        ],
        [
            0.2501427233219147,
            0.06768767535686493
        ],
        [
            0.6345736980438232,
            0.3844056725502014
        ],
        [
            1.3996391296386719,
            1.9261025190353394
        ],
        [
            -0.5732519030570984,
            0.40144413709640503
        ],
        [
            0.4263429641723633,
            0.1733362078666687
        ],
        [
            0.6173477172851562,
            0.375635027885437
        ],
        [
            0.5001814961433411,
            0.24237428605556488
        ],
        [
            0.1853204071521759,
            0.04681418463587761
        ],
        [
            0.35610857605934143,
            0.11717453598976135
        ],
        [
            0.7643499970436096,
            0.5879585146903992
        ],
        [
            0.6817206144332886,
            0.46403738856315613
        ],
        [
            0.6716813445091248,
            0.428201287984848
        ],
        [
            1.435003638267517,
            1.936607837677002
        ],
        [
            0.8021242618560791,
            0.6550970673561096
        ],
        [
            1.387255072593689,
            1.912126898765564
        ],
        [
            1.414181113243103,
            2.002281904220581
        ],
        [
            0.8025842905044556,
            0.6553554534912109
        ],
        [
            0.3639449179172516,
            0.12555192410945892
        ],
        [
            0.7116062045097351,
            0.490108847618103
        ],
        [
            0.7020702362060547,
            0.5281690955162048
        ],
        [
            1.3850923776626587,
            1.889696717262268
        ],
        [
            0.8187552094459534,
            0.6812390089035034
        ],
        [
            -0.04866595193743706,
