{
    "metadata": {
        "input": [
            "XFEL.FEL/UNDULATOR.SASE1/CAX.CELL3.SA1/FIELD.OFFSET",
            "XFEL.FEL/UNDULATOR.SASE1/CAY.CELL3.SA1/FIELD.OFFSET"
        ],
        "objective": "XFEL.FEL/XGM/XGM.2643.T9/INTENSITY.SA1.RAW.TRAIN",
        "nreadings": 30,
        "interval": 0.1,
        "max_iter": 50,
        "bounds": [
            [
                -0.5,
                -0.5
            ],
            [
                0.5,
                0.5
            ]
        ],
        "acquisition": "EI",
        "step_limit_type": "proximal",
        "proximal_len": [
            0.5,
            0.5
        ],
        "step_size": 0.10000000149011612,
        "fixed_noise": false
    },
    "X": [
        [
            0.03099999949336052,
            0.029999999329447746
        ],
        [
            0.012258504796899938,
            0.051768575560578345
        ],
        [
            0.003998874470574787,
            -0.017220982495262938
        ],
        [
            0.07712101334513743,
            0.07577543140613185
        ],
        [
            0.056915878890691385,
            0.03994110651226501
        ],
        [
            0.03885402616640965,
            0.043589715489591896
        ],
        [
            0.025617999956011772,
            0.04690379276871681
        ],
        [
            0.021987110376358032,
            0.07034718990325928
        ],
        [
            0.0029056319035589695,
            0.09119819104671478
        ],
        [
            0.027590477839112282,
            0.12231726944446564
        ],
        [
            0.02460492216050625,
            0.05390710011124611
        ],
        [
            0.02137778513133526,
            0.04942488297820091
        ],
        [
            -0.027296986430883408,
            0.057447224855422974
        ],
        [
            -0.09414243698120117,
            0.06326042860746384
        ],
        [
            -0.20375709235668182,
            0.06350717693567276
        ],
        [
            -0.34055840969085693,
            0.06351374834775925
        ],
        [
            -0.4956345856189728,
            0.06351327151060104
        ],
        [
            -0.4956355690956116,
            0.06351342052221298
        ],
        [
            -0.49563515186309814,
            0.06351303309202194
        ],
        [
            0.0018192367861047387,
            0.03714144229888916
        ],
        [
            0.020856032148003578,
            0.0008078715763986111
        ],
        [
            0.04400757700204849,
            0.0072103640995919704
        ],
        [
            0.03675832599401474,
            -0.01787499524652958
        ],
        [
            0.011601351201534271,
            -0.06263460963964462
        ],
        [
            0.08768819272518158,
            -0.0712571069598198
        ],
        [
            0.03233153745532036,
            0.061456598341464996
        ],
        [
            0.031052803620696068,
            0.07698740065097809
        ],
        [
            0.030289366841316223,
            0.07640627026557922
        ],
        [
            0.007921435870230198,
            0.06460361182689667
        ],
        [
            0.013351374305784702,
            0.0814829096198082
        ],
        [
            0.029682431370019913,
            0.09879445284605026
        ],
        [
            0.0020586915779858828,
            0.14516359567642212
        ],
        [
            0.010260510258376598,
            0.1123303547501564
        ],
        [
            0.04545174166560173,
            0.10209917277097702
        ],
        [
            0.01668817736208439,
            0.058846019208431244
        ],
        [
            -0.015204782597720623,
            0.1186419352889061
        ],
        [
            0.045636024326086044,
            0.19853445887565613
        ],
        [
            0.043165676295757294,
            0.13937543332576752
        ],
        [
            0.04182768613100052,
            0.024648819118738174
        ],
        [
            0.05603649839758873,
            -0.005392113234847784
        ],
        [
            -0.02239849790930748,
            0.08636665344238281
        ],
        [
            0.028465857729315758,
            0.06174585223197937
        ],
        [
            0.19102290272712708,
            0.07485546916723251
        ],
        [
            0.02840733900666237,
            0.06112441048026085
        ],
        [
            0.02927224338054657,
            0.0675772950053215
        ],
        [
            0.02882998436689377,
            0.06797093898057938
        ],
        [
            0.02674219198524952,
            0.07452679425477982
        ],
        [
            0.03010966256260872,
            0.05598707124590874
        ],
        [
            0.024569472298026085,
            0.08041822910308838
        ],
        [
            0.023860299959778786,
            0.08174791187047958
        ],
        [
            0.023201366886496544,
            0.0841204896569252
        ],
        [
            0.028937488794326782,
            0.04782833904027939
        ],
        [
            -0.047838419675827026,
            0.11053556203842163
        ],
        [
            0.09372781962156296,
            0.16809388995170593
        ],
        [
            0.27790430188179016,
            0.17281386256217957
        ],
        [
            0.3972548544406891,
            0.17280562222003937
        ]
    ],
    "Y": [
        3062.163680013021,
        3068.375048828125,
        1980.2048828125,
        1528.8784464518228,
        2182.3789794921877,
        2983.140702311198,
        3166.0302978515624,
        3116.900048828125,
        2728.571883138021,
        2702.1646809895833,
        3116.6660888671877,
        3081.6336995442707,
        1829.1460734049479,
        320.5861742655436,
        38.987940375010176,
        7.8796192533026135,
        4.43702598909537,
        3.7129079485932985,
        3.9253941317399343,
        430.47875340978305,
        2582.438517252604,
        2724.720263671875,
        2362.4468017578124,
        844.8641398111979,
        152.00017255147299,
        2597.2831314086916,
        2950.8562906901043,
        2950.3136393229165,
        2797.7523111979167,
        2759.9516845703124,
        2953.93037109375,
        2073.6422526041665,
        2609.3927490234373,
        2431.577099609375,
        2923.95732421875,
        2176.6944905598957,
        1517.7296630859375,
        2011.7532674153647,
        2500.6439697265623,
        1654.0121541341146,
        2111.6715372721355,
        2990.9800048828124,
        496.5107341368993,
        2264.2044280052187,
        3050.7090657552085,
        3094.9933186848957,
        3039.166267903646,
        3025.5723795572917,
        3032.3134195963544,
        3172.1034423828123,
        2994.020084635417,
        3094.571036783854,
        1411.5686971028647,
        883.9877431233724,
        46.78261576692263,
        5.2412034034729
    ],