{
    "metadata": {
        "input": [
            "XFEL.FEL/UNDULATOR.SASE1/CAX.CELL3.SA1/FIELD.OFFSET",
            "XFEL.FEL/UNDULATOR.SASE1/CAY.CELL3.SA1/FIELD.OFFSET"
        ],
        "objective": "XFEL.FEL/XGM/XGM.2643.T9/INTENSITY.SA1.RAW.TRAIN",
        "nreadings": 30,
        "interval": 0.1,
        "max_iter": 50,
        "bounds": [
            [
                -0.5,
                -0.5
            ],
            [
                0.5,
                0.5
            ]
        ],
        "acquisition": "UCB",
        "step_limit_type": "proximal",
        "proximal_len": [
            0.5,
            0.5
        ],
        "step_size": 0.10000000149011612,
        "fixed_noise": false
    },
    "X": [
        [
            0.023860299959778786,
            0.08174791187047958
        ],
        [
            0.0324778859856365,
            0.05666255168489576
        ],
        [
            0.004507821882479224,
            0.12119882016555827
        ],
        [
            -0.02576283253167766,
            0.09458125103761761
        ],
        [
            0.0031555832072389656,
            0.05636743120282173
        ],
        [
            0.03676493820405957,
            0.1150093068668454
        ],
        [
            0.03850043565034866,
            0.11569777131080627
        ],
        [
            0.042250581085681915,
            0.11686813086271286
        ],
        [
            0.04801781103014946,
            0.1183660626411438
        ],
        [
            0.053370583802461624,
            0.11969547718763351
        ],
        [
            0.05665803700685501,
            0.12077741324901581
        ],
        [
            0.058785878121852875,
            0.1219448670744896
        ],
        [
            0.060754258185625076,
            0.12376295030117035
        ],
        [
            0.06056848168373108,
            0.12058066576719284
        ],
        [
            0.061146002262830734,
            0.11749876290559769
        ],
        [
            0.06092343479394913,
            0.11617369949817657
        ],
        [
            0.06043450906872749,
            0.11565470695495605
        ],
        [
            0.059727128595113754,
            0.11624439805746078
        ],
        [
            0.05912970378994942,
            0.11688753962516785
        ],
        [
            0.05867638438940048,
            0.1174820140004158
        ],
        [
            0.05886169895529747,
            0.11857680231332779
        ],
        [
            0.058871328830718994,
            0.11957337707281113
        ],
        [
            0.05874764546751976,
            0.12039882689714432
        ],
        [
            0.05864754691720009,
            0.1207767203450203
        ],
        [
            0.058508481830358505,
            0.12105445563793182
        ],
        [
            0.058442551642656326,
            0.12113191187381744
        ],
        [
            0.058584123849868774,
            0.12087391316890717
        ],
        [
            0.05906791612505913,
            0.12018485367298126
        ],
        [
            0.06040925905108452,
            0.11942192167043686
        ],
        [
            0.05848703905940056,
            0.11856833845376968
        ],
        [
            0.057906318455934525,
            0.11842261254787445
        ],
        [
            0.0580163300037384,
            0.11873110383749008
        ],
        [
            0.058196745812892914,
            0.11924117803573608
        ],
        [
            0.05850756913423538,
            0.11997292935848236
        ],
        [
            0.05869443714618683,
            0.12087313085794449
        ],
        [
            0.05860345438122749,
            0.12183117866516113
        ],
        [
            0.058182645589113235,
            0.12269250303506851
        ],
        [
            0.057230040431022644,
            0.12424355745315552
        ],
        [
            0.05632428824901581,
            0.12568113207817078
        ],
        [
            0.05543055385351181,
            0.12733504176139832
        ],
        [
            0.054894983768463135,
            0.128778338432312
        ],
        [
            0.05506621301174164,
            0.1293431967496872
        ],
        [
            0.0554841011762619,
            0.12924467027187347
        ],
        [
            0.055838439613580704,
            0.1289234608411789
        ],
        [
            0.05613468587398529,
            0.12872812151908875
        ],
        [
            0.056640222668647766,
            0.1289367824792862
        ],
        [
            0.05758613720536232,
            0.12947194278240204
        ],
        [
            0.05806240811944008,
            0.12970830500125885
        ],
        [
            0.058384574949741364,
            0.12984928488731384
        ],
        [
            0.060335393995046616,
            0.13077358901500702
        ],
        [
            0.06343791633844376,
            0.13196758925914764
        ],
        [
            0.06403709203004837,
            0.13257288932800293
        ],
        [
            0.06568865478038788,
            0.13322728872299194
        ],
        [
            0.06754528731107712,
            0.13366998732089996
        ],
        [
            0.06391649693250656,
            0.1343184858560562
        ],
        [
            0.061812594532966614,
            0.13415049016475677
        ]
    ],
    "Y": [
        1318.433066813151,
        1206.237166341146,
        1298.566912841797,
        361.84215647379557,
        377.18063303629555,
        2220.0747141520183,
        2599.601912434896,
        2741.736881510417,
        2910.822314453125,
        2990.3915771484376,
        3044.1568603515625,
        3103.0252685546875,
        2967.2274251302083,
        3077.4877197265623,
        3058.060546875,
        3053.964567057292,
        3006.387174479167,
        3039.4952880859373,
        3047.6948974609377,
        2937.8148844401044,
        3022.459366861979,
        3046.081013997396,
        2981.586767578125,
        3040.60673828125,
        3016.8890869140623,
        2988.5842529296874,
        2945.5097900390624,
        3005.8445068359374,
        2847.9991129557293,
        2863.765177408854,
        2908.7966552734374,
        2960.437060546875,
        2946.8099446614583,
        3002.484383138021,
        2998.6643310546874,
        2984.9641845703127,
        3056.990128580729,
        3010.47685546875,
        3032.7251546223956,
        3026.883585611979,
        2997.916455078125,
        2984.950724283854,
        2993.3875732421875,
        3017.3963623046875,
        3053.4184733072916,
        3051.3835205078126,
        3004.0508544921877,
        3014.652237955729,
        3092.4589029947915,
        3070.423291015625,
        3033.6629313151043,
        3074.6510416666665,
        3069.79130859375,
        2957.687467447917,
        2959.0856770833334,
        3039.269571940104
    ],