{
    "metadata": {
        "input": [
            "XFEL.FEL/UNDULATOR.SASE1/CAX.CELL3.SA1/FIELD.OFFSET",
            "XFEL.FEL/UNDULATOR.SASE1/CAY.CELL3.SA1/FIELD.OFFSET"
        ],
        "objective": "XFEL.FEL/XGM/XGM.2643.T9/INTENSITY.SA1.RAW.TRAIN",
        "nreadings": 30,
        "interval": 0.1,
        "max_iter": 50,
        "bounds": [
            [
                -0.5,
                -0.5
            ],
            [
                0.5,
                0.5
            ]
        ],
        "acquisition": "EI",
        "step_limit_type": "proximal",
        "proximal_len": [
            0.003000000026077032,
            0.003000000026077032
        ],
        "step_size": 0.10000000149011612,
        "fixed_noise": false
    },
    "X": [
        [
            0.049765292555093765,
            -0.005240412894636393
        ],
        [
            0.011593017158325392,
            -0.01345111376733632
        ],
        [
            0.08434300250675841,
            -0.05433679529050561
        ],
        [
            0.05811581996605586,
            -0.051434877551264524
        ],
        [
            0.024889263885080393,
            0.001494351781677672
        ],
        [
            0.04542637237401426,
            0.03642288871725352
        ],
        [
            0.24778050184249878,
            -0.15989291667938232
        ],
        [
            0.25065648555755615,
            -0.1453491449356079
        ],
        [
            -0.2812514901161194,
            -0.38893964886665344
        ],
        [
            -0.4331419765949249,
            0.003997981548309326
        ],
        [
            -0.43856489658355713,
            -0.02719593048095703
        ],
        [
            -0.43856489658355713,
            -0.02719593420624733
        ],
        [
            -0.37647145986557007,
            -0.037560611963272095
        ],
        [
            -0.3438875675201416,
            -0.03402093052864075
        ],
        [
            -0.16760987043380737,
            0.052675068378448486
        ],
        [
            0.04800260066986084,
            0.43607306480407715
        ],
        [
            0.0372234582901001,
            0.47474658489227295
        ],
        [
            0.000786900520324707,
            0.448914110660553
        ],
        [
            0.02955484390258789,
            0.42667675018310547
        ],
        [
            0.05567377805709839,
            0.47127246856689453
        ],
        [
            0.06620901823043823,
            0.440793514251709
        ],
        [
            0.08225464820861816,
            0.41991370916366577
        ],
        [
            0.11862564086914062,
            0.4475730061531067
        ],
        [
            0.11207246780395508,
            0.4278278946876526
        ],
        [
            0.14415472745895386,
            0.4298192262649536
        ],
        [
            0.14415472745895386,
            0.42981916666030884
        ],
        [
            0.18452131748199463,
            0.47671306133270264
        ],
        [
            0.2269114851951599,
            0.4534704089164734
        ],
        [
            0.19674909114837646,
            0.4654732346534729
        ],
        [
            0.19855132699012756,
            0.46759840846061707
        ],
        [
            0.21003663539886475,
            0.4878285527229309
        ],
        [
            0.24088746309280396,
            0.47358256578445435
        ],
        [
            0.2522655725479126,
            0.46182870864868164
        ],
        [
            0.2639801502227783,
            0.4851365089416504
        ],
        [
            0.24381518363952637,
            0.4351029396057129
        ],
        [
            0.24381518363952637,
            0.4351029694080353
        ],
        [
            0.19638049602508545,
            0.46167856454849243
        ],
        [
            0.1845684051513672,
            0.4832899570465088
        ],
        [
            0.22173315286636353,
            0.4625338315963745
        ],
        [
            0.1922510266304016,
            0.413754940032959
        ],
        [
            0.1984136700630188,
            0.44766998291015625
        ],
        [
            0.19841368496418,
            0.44767001271247864
        ],
        [
            0.18355679512023926,
            0.4389095902442932
        ],
        [
            0.18813538551330566,
            0.4042925238609314
        ],
        [
            0.21624428033828735,
            0.41830122470855713
        ],
        [
            0.18804532289505005,
            0.4057037830352783
        ],
        [
            0.21875452995300293,
            0.41994982957839966
        ],
        [
            0.19674831628799438,
            0.38379496335983276
        ],
        [
            0.19674833118915558,
            0.38379499316215515
        ],
        [
            0.2151646614074707,
            0.40667009353637695
        ],
        [
            -0.12761712074279785,
            0.3720231056213379
        ],
        [
            -0.16152137517929077,
            0.42000502347946167
        ],
        [
            -0.18957820534706116,
            0.4019344449043274
        ],
        [
            -0.21259185671806335,
            0.3744548559188843
        ],
        [
            -0.3750675320625305,
            -0.3856981694698334
        ],
        [
            -0.3750675320625305,
            -0.3856981694698334
        ]
    ],
    "Y": [
        2076.4000447591147,
        2107.921004231771,
        441.26281967163084,
        463.21492029825845,
        2240.8953247070312,
        2555.435986328125,
        319.16394696633023,
        5.399689613779386,
        4.557587800795833,
        4.299950850009918,
        4.61245959798495,
        4.084317255020141,
        7.031185092528661,
        4.775110109647115,
        25.220314192771912,
        159.5618647520741,
        4.163036206364632,
        4.666536143918832,
        5.192453002929687,
        4.626844187577565,
        4.6770125985145565,
        4.206575240691503,
        4.041137262185415,
        4.264997316896915,
        4.943913756807645,
        4.63073533475399,
        4.29809260169665,
        3.649326885988315,
        4.021015212933222,
        4.438682860136032,
        3.5013110612829528,
        4.7212284117937084,
        4.823816156387329,
        3.3407411962747573,
        4.314951168994109,
        4.516920777161916,
        4.63515059153239,
        4.7374622285366055,
        5.080489919583003,
        4.030569073557854,
        3.9856503057604034,
        4.3427321195602415,
        4.78707970182101,
        4.1236560853819055,
        4.846994666258494,
        3.5725894551103314,
        4.113627378145853,
        4.063921414191524,
        4.738798967003822,
        4.606738169987996,
        5.718815275033315,
        3.768926923473676,
        3.8414695749680203,
        4.2685893331964815,
        4.245812501509985,
        4.685237130522728
    ],