{
    "metadata": {
        "input": [
            "XFEL.FEL/UNDULATOR.SASE1/CAX.CELL3.SA1/FIELD.OFFSET",
            "XFEL.FEL/UNDULATOR.SASE1/CAY.CELL3.SA1/FIELD.OFFSET"
        ],
        "objective": "XFEL.FEL/XGM/XGM.2643.T9/INTENSITY.SA1.RAW.TRAIN",
        "nreadings": 30,
        "interval": 0.1,
        "max_iter": 50,
        "bounds": [
            [
                -0.5,
                -0.5
            ],
            [
                0.5,
                0.5
            ]
        ],
        "acquisition": "EI",
        "step_limit_type": "proximal",
        "proximal_len": [
            0.10000000149011612,
            0.10000000149011612
        ],
        "step_size": 0.10000000149011612,
        "fixed_noise": false
    },
    "X": [
        [
            0.045426372438669205,
            0.036422889679670334
        ],
        [
            0.087738554065111,
            0.02786506923201948
        ],
        [
            0.04743249791869708,
            0.02658884436139397
        ],
        [
            0.06917069962239752,
            0.07489407641397694
        ],
        [
            0.05517980247368559,
            0.0850334346087358
        ],
        [
            0.013389739661862965,
            0.021066092470932052
        ],
        [
            0.056620948016643524,
            0.006355945952236652
        ],
        [
            0.04255473613739014,
            -0.05224540829658508
        ],
        [
            0.042554739862680435,
            -0.05224540829658508
        ],
        [
            0.04255473241209984,
            -0.05224541202187538
        ],
        [
            0.04255473241209984,
            -0.05224541202187538
        ],
        [
            0.04255473241209984,
            -0.05224541574716568
        ],
        [
            0.03849004581570625,
            -0.022681089118123055
        ],
        [
            0.03849004954099655,
            -0.022681094706058502
        ],
        [
            0.03849005326628685,
            -0.022681094706058502
        ],
        [
            0.03339209780097008,
            -0.0032406854443252087
        ],
        [
            0.029948491603136063,
            0.018480803817510605
        ],
        [
            0.02871667966246605,
            0.0304067712277174
        ],
        [
            0.002829134464263916,
            -0.040643006563186646
        ],
        [
            0.002829134464263916,
            -0.040643006563186646
        ],
        [
            0.002829134464263916,
            -0.040643006563186646
        ],
        [
            0.002829133765771985,
            -0.040643006563186646
        ],
        [
            -0.05161005258560181,
            -0.07972753047943115
        ],
        [
            -0.05161005258560181,
            -0.07972753047943115
        ],
        [
            -0.05161004140973091,
            -0.07972753047943115
        ],
        [
            -0.05161004140973091,
            -0.07972753047943115
        ],
        [
            -0.05161004140973091,
            -0.07972753047943115
        ],
        [
            -0.051610033959150314,
            -0.07972752302885056
        ],
        [
            -0.05161000043153763,
            -0.07972756773233414
        ],
        [
            -0.05160998925566673,
            -0.07972757518291473
        ],
        [
            -0.05160997807979584,
            -0.07972758263349533
        ],
        [
            -0.05160997807979584,
            -0.07972758263349533
        ],
        [
            -0.05160996690392494,
            -0.07972757518291473
        ],
        [
            -0.05160996690392494,
            -0.07972757518291473
        ],
        [
            -0.05160997807979584,
            -0.07972757518291473
        ],
        [
            -0.05160997807979584,
            -0.07972757518291473
        ],
        [
            -0.05160997435450554,
            -0.07972759008407593
        ],
        [
            -0.05160997807979584,
            -0.07972759008407593
        ],
        [
            -0.05160997807979584,
            -0.07972759008407593
        ],
        [
            -0.05160996690392494,
            -0.07972760498523712
        ],
        [
            -0.05160996690392494,
            -0.07972760498523712
        ],
        [
            -0.05160996690392494,
            -0.07972760498523712
        ],
        [
            -0.05160996690392494,
            -0.07972761243581772
        ],
        [
            -0.05160996690392494,
            -0.07972761243581772
        ],
        [
            -0.05160997062921524,
            -0.07972761988639832
        ],
        [
            -0.05160994082689285,
            -0.0797276571393013
        ],
        [
            -0.05160994082689285,
            -0.0797276571393013
        ],
        [
            -0.05160994827747345,
            -0.0797276571393013
        ],
        [
            -0.05160980299115181,
            -0.07972773909568787
        ],
        [
            -0.05160980299115181,
            -0.07972773909568787
        ],
        [
            -0.05160979926586151,
            -0.07972773909568787
        ],
        [
            -0.05160978436470032,
            -0.07972775399684906
        ],
        [
            -0.05160978063941002,
            -0.07972775399684906
        ],
        [
            -0.051609769463539124,
            -0.07972776144742966
        ],
        [
            -0.05160972848534584,
            -0.07972773164510727
        ],
        [
            -0.051609672605991364,
            -0.07972780615091324
        ]
    ],
    "Y": [
        2919.658064778646,
        1312.1096537272135,
        2292.650801595052,
        1731.9850626627604,
        2247.3984375,
        2735.397420247396,
        2193.709883626302,
        1100.372941080729,
        912.298642985026,
        1033.3720397949219,
        1155.3113789876302,
        1209.1531087239584,
        1899.5556416829427,
        1989.5586751302083,
        2003.1802001953124,
        2527.7421346028646,
        2893.100309244792,
        3058.111751302083,
        1427.5617818196615,
        1044.0660461425782,
        1049.4952514648437,
        971.1159362792969,
        128.23788731892904,
        37.061606566111244,
        37.85904731750488,
        39.50817063649495,
        44.40272591908773,
        59.87290585835775,
        59.2040205637614,
        51.74581381479899,
        40.76352780659993,
        33.9731861114502,
        32.358180363972984,
        32.792781575520834,
        33.31993770599365,
        35.11784108479818,
        33.232965087890626,
        34.34245433807373,
        36.03891105651856,
        44.93048941294352,
        34.85715599060059,
        35.260303560892744,
        32.22162551879883,
        35.7420405069987,
        35.733890279134116,
        36.58856093088786,
        38.968719736735025,
        43.33577823638916,
        42.66688601175944,
        41.78079109191894,
        50.37649319966634,
        48.544996643066405,
        46.736113739013675,
        42.10914688110351,
        44.17922019958496,
        52.49050502777099
    ],