{
    "metadata": {
        "input": [
            "XFEL.FEL/UNDULATOR.SASE1/CAX.CELL3.SA1/FIELD.OFFSET",
            "XFEL.FEL/UNDULATOR.SASE1/CAY.CELL3.SA1/FIELD.OFFSET"
        ],
        "objective": "XFEL.FEL/XGM/XGM.2643.T9/INTENSITY.SA1.RAW.TRAIN",
        "nreadings": 30,
        "interval": 0.1,
        "max_iter": 100,
        "bounds": [
            [
                -0.5,
                -0.5
            ],
            [
                0.5,
                0.5
            ]
        ],
        "acquisition": "UCB",
        "step_limit_type": "hard",
        "proximal_len": [
            0.009999999776482582,
            0.009999999776482582
        ],
        "step_size": 0.10000000149011612,
        "fixed_noise": false
    },
    "X": [
        [
            0.010668270289897919,
            0.06087838113307953
        ],
        [
            0.03633378633358353,
            0.020405044548610807
        ],
        [
            0.005982260336190315,
            0.02717521438444903
        ],
        [
            -0.02051286296816368,
            0.09105610594418234
        ],
        [
            0.014928482536378684,
            0.041729500604437586
        ],
        [
            0.00882485953206702,
            0.028866573691192166
        ],
        [
            0.008598818443715572,
            0.041703421622514725
        ],
        [
            0.010868891142308712,
            0.033730071038007736
        ],
        [
            0.0015735095366835594,
            0.049178022891283035
        ],
        [
            -0.005536149255931377,
            0.0526595413684845
        ],
        [
            -0.010026935487985611,
            0.05077289044857025
        ],
        [
            -0.00988526176661253,
            0.04641251266002655
        ],
        [
            -0.009950368665158749,
            0.057397179305553436
        ],
        [
            -0.006179791875183582,
            0.049509745091199875
        ],
        [
            -0.005433094687759876,
            0.047388095408678055
        ],
        [
            -0.005343572702258825,
            0.04683199152350426
        ],
        [
            -0.0052397181279957294,
            0.045933064073324203
        ],
        [
            -0.005207078997045755,
            0.04571385309100151
        ],
        [
            -0.00535296555608511,
            0.04973343759775162
        ],
        [
            -0.00549286836758256,
            0.04935837909579277
        ],
        [
            -0.005367496516555548,
            0.049892958253622055
        ],
        [
            -0.005591592285782099,
            0.04904462397098541
        ],
        [
            -0.005442596971988678,
            0.049501873552799225
        ],
        [
            -0.005445727147161961,
            0.04963906854391098
        ],
        [
            -0.005690813064575195,
            0.04860417917370796
        ],
        [
            -0.005710395984351635,
            0.048813749104738235
        ],
        [
            -0.005644610617309809,
            0.04888082295656204
        ],
        [
            -0.005605154205113649,
            0.04906062036752701
        ],
        [
            -0.00564341526478529,
            0.04905634745955467
        ],
        [
            -0.005755773279815912,
            0.048588067293167114
        ],
        [
            -0.005769881419837475,
            0.04841494560241699
        ],
        [
            -0.00575094623491168,
            0.048771463334560394
        ],
        [
            -0.005781974643468857,
            0.04858988896012306
        ],
        [
            -0.0057495213113725185,
            0.04899786785244942
        ],
        [
            -0.005761949345469475,
            0.04905305802822113
        ],
        [
            -0.005770116113126278,
            0.04910898953676224
        ],
        [
            -0.005728316493332386,
            0.04952118545770645
        ],
        [
            -0.005800690036267042,
            0.04908393695950508
        ],
        [
            -0.005835713818669319,
            0.048770248889923096
        ],
        [
            -0.0059543149545788765,
            0.047838244587183
        ],
        [
            -0.00592223834246397,
            0.04815462604165077
        ],
        [
            -0.005732651334255934,
            0.049503542482852936
        ],
        [
            -0.005719620734453201,
            0.04968385770916939
        ]
    ],
    "Y": [
        2707.554296875,
        1745.564717610677,
        2675.4329427083335,
        2687.6898193359375,
        2717.3124755859376,
        2826.105891927083,
        2815.611474609375,
        2661.3162353515627,
        2893.2549723307293,
        2934.5605305989584,
        2942.741520182292,
        2914.4625651041665,
        2909.7760335286457,
        3021.8814046223956,
        2979.2231689453124,
        2997.9041422526043,
        2985.941552734375,
        2882.556819661458,
        2947.2971435546874,
        2988.9005777994794,
        2934.0779378255206,
        3007.4837565104167,
        2970.3200520833334,
        2922.4687744140624,
        2948.0524088541665,
        3014.788094075521,
        2994.134456380208,
        2957.455069986979,
        2918.7730712890625,
        3000.0655436197917,
        2949.094970703125,
        2893.89755859375,
        2942.8063395182294,
        2956.257218424479,
        2957.3711507161456,
        2990.628279622396,
        2948.035017903646,
        2937.814737955729,
        3065.179484049479,
        2959.014501953125,
        2940.1583333333333,
        2971.0813883463543,
        2956.0453531901044
    ],
    "Y_std": [
        127.72932873616317,
        278.15141391172943,
        355.1064823614771,
        123.2918113940895,
        141.1203669367188,
        94.65047152096926,
        120.28755056212414,
        142.82138584356306,
        113.92513763810074,
        145.03915355185936,
        83.06931580660232,
        91.93092247099652,
        105.79882313414447,
        84.45059553363443,
        88.07601170581736,
        73.45469065182775,
        91.37319609308229,
        91.64416078088398,
        91.43477822427953,
        69.88726791538444,
        115.18209784928243,
        103.67551400971433,
        59.63742586849439,
        82.25354170665499,
        111.86482184155818,
        99.80151917579424,
        92.83718725923971,
        89.58094637332533,
        88.23612012941027,
        89.45492696825,
        83.2342692145894,
        67.99496378786667,
        77.34253230936923,
        89.9885500897782,
        102.7361232089693,
        89.14305411859512,
        91.02320800473107,
        113.17794931314359,
        101.54382538380673,
        105.7189772958104,
        81.72216801863154,
        92.34090414550342,
        72.19893247358274
    ],
    "Initial": {},
    "initial": {
        "X": [
            [
                0.010668270289897919,
                0.06087838113307953
            ],
            [
                0.03633378633358353,
                0.020405044548610807
            ],
            [
                0.005982260336190315,
                0.02717521438444903
            ],
            [
                -0.02051286296816368,
                0.09105610594418234
            ],
            [
                0.014928482536378684,
                0.041729500604437586
            ],
            [
                0.00882485953206702,
                0.028866573691192166
            ]
        ],