{
    "metadata": {
        "input": [
            "XFEL.FEL/UNDULATOR.SASE1/CAX.CELL3.SA1/FIELD.OFFSET",
            "XFEL.FEL/UNDULATOR.SASE1/CAY.CELL3.SA1/FIELD.OFFSET"
        ],
        "objective": "XFEL.FEL/XGM/XGM.2643.T9/INTENSITY.SA1.RAW.TRAIN",
        "nreadings": 30,
        "interval": 0.1,
        "max_iter": 50,
        "bounds": [
            [
                -0.5,
                -0.5
            ],
            [
                0.5,
                0.5
            ]
        ],
        "acquisition": "UCB",
        "step_limit_type": "proximal",
        "proximal_len": [
            0.009999999776482582,
            0.009999999776482582
        ],
        "step_size": 0.10000000149011612,
        "fixed_noise": false
    },
    "X": [
        [
            0.03099999949336052,
            0.029999999329447746
        ],
        [
            0.041362732058208174,
            0.017249558303498613
        ],
        [
            0.06990341527616106,
            0.06907875409839681
        ],
        [
            0.0507568772100937,
            -0.010883661596233551
        ],
        [
            0.00639009364530585,
            0.0051808156100037195
        ],
        [
            0.04023643075282024,
            0.006001863643554817
        ],
        [
            0.11784422397613525,
            -0.2242724597454071
        ],
        [
            0.10468471050262451,
            -0.23183903098106384
        ],
        [
            0.11438584327697754,
            -0.20532172918319702
        ],
        [
            0.1334383487701416,
            -0.22409310936927795
        ],
        [
            0.13191550970077515,
            -0.2679990530014038
        ],
        [
            0.14264309406280518,
            -0.30317550897598267
        ],
        [
            0.1223745346069336,
            -0.32974839210510254
        ],
        [
            0.11819040775299072,
            -0.40241706371307373
        ],
        [
            0.10107529163360596,
            -0.4226142168045044
        ],
        [
            0.08824872970581055,
            -0.46532338857650757
        ],
        [
            0.09368044137954712,
            -0.4966478943824768
        ],
        [
            0.09371631592512131,
            -0.4974183142185211
        ],
        [
            0.1051563024520874,
            -0.43144017457962036
        ],
        [
            0.0944250226020813,
            -0.38440775871276855
        ],
        [
            0.09507876634597778,
            -0.4309992790222168
        ],
        [
            0.09502445161342621,
            -0.4311537742614746
        ],
        [
            0.1153494119644165,
            -0.4507594704627991
        ],
        [
            0.09189027547836304,
            -0.45029154419898987
        ],
        [
            0.07696545124053955,
            -0.34662020206451416
        ],
        [
            0.0684933066368103,
            -0.276967853307724
        ],
        [
            0.05759972333908081,
            -0.34425315260887146
        ],
        [
            0.04283547401428223,
            -0.2838653326034546
        ],
        [
            0.04601109027862549,
            -0.3221127986907959
        ],
        [
            0.06490343809127808,
            -0.34969109296798706
        ],
        [
            0.06283670663833618,
            -0.3128047585487366
        ],
        [
            0.06332405656576157,
            -0.31282612681388855
        ],
        [
            0.06061059236526489,
            -0.25305283069610596
        ],
        [
            0.06013905629515648,
            -0.25234222412109375
        ],
        [
            0.32403117418289185,
            -0.11178934574127197
        ],
        [
            0.32100024819374084,
            -0.11179956048727036
        ],
        [
            0.3408331871032715,
            -0.1461804211139679
        ],
        [
            0.34609198570251465,
            -0.07386520504951477
        ],
        [
            0.34336888790130615,
            -0.07256138324737549
        ],
        [
            0.3742918372154236,
            -0.04245561361312866
        ],
        [
            0.3714318871498108,
            -0.04063635319471359
        ],
        [
            0.37294015288352966,
            -0.03633648529648781
        ],
        [
            0.4062572717666626,
            -0.034027040004730225
        ],
        [
            0.4250069856643677,
            -0.11686661839485168
        ],
        [
            0.4213602840900421,
            -0.11806283891201019
        ],
        [
            0.4202595055103302,
            -0.08133414387702942
        ],
        [
            0.41697973012924194,
            -0.08157040178775787
        ],
        [
            0.44628089666366577,
            -0.06263568997383118
        ],
        [
            0.44290831685066223,
            -0.0615973062813282
        ],
        [
            0.49577468633651733,
            -0.06176483631134033
        ],
        [
            0.4664252996444702,
            -0.08187675476074219
        ],
        [
            0.4630277156829834,
            -0.08399242162704468
        ],
        [
            0.4769574999809265,
            -0.038121819496154785
        ],
        [
            0.4805663526058197,
            -0.03763194754719734
        ],
        [
            0.4728301763534546,
            0.04409205913543701
        ],
        [
            0.4684206545352936,
            0.04442349821329117
        ]
    ],
    "Y": [
        2440.305379231771,
        1845.748270670573,
        949.9991780598958,
        1099.7895751953124,
        2129.020721435547,
        1864.3555908203125,
        179.04766236742338,
        4.296825258930524,
        5.471170983711878,
        5.656996340801318,
        5.736883548895518,
        5.252311493953069,
        4.513342281182607,
        4.4349362924695015,
        4.253628714879354,
        4.678406192859014,
        4.190780128538608,
        4.281782232224941,
        4.369307176272074,
        3.8807980229457217,
        4.5867520014444985,
        4.155485903720061,
        4.458667996029059,
        4.877791062990824,
        3.9690161188443502,
        4.5149635081489885,
        4.40470262269179,
        5.256756973266602,
        4.667313307523727,
        5.140809545914332,
        4.881665982802709,
        4.566013437509537,
        5.733933033545812,
        5.648842652638753,
        4.449013639489809,
        3.9104313721259434,
        3.7933747867743173,
        4.46838204463323,
        5.042538522183895,
        4.756228801608086,
        3.580851401761174,
        4.150269786516826,
        4.901680282751719,
        4.752294660607974,
        4.323081135749817,
        4.201233291625977,
        4.489409389098485,
        4.170219304761849,
        4.620952684680621,
        4.6175528506437935,
        4.3417844623327255,
        4.1511463316273876,
        4.842817482352257,
        3.6250523241857686,
        4.533766057093938,
        4.096366195877393
    ],