{
    "metadata": {
        "input": [
            "XFEL.FEL/UNDULATOR.SASE1/CAX.CELL3.SA1/FIELD.OFFSET",
            "XFEL.FEL/UNDULATOR.SASE1/CAY.CELL3.SA1/FIELD.OFFSET"
        ],
        "objective": "XFEL.FEL/XGM/XGM.2643.T9/INTENSITY.SA1.RAW.TRAIN",
        "nreadings": 30,
        "interval": 0.1,
        "max_iter": 50,
        "bounds": [
            [
                -0.5,
                -0.5
            ],
            [
                0.5,
                0.5
            ]
        ],
        "acquisition": "UCB",
        "step_limit_type": "proximal",
        "proximal_len": [
            0.003000000026077032,
            0.003000000026077032
        ],
        "step_size": 0.10000000149011612,
        "fixed_noise": false
    },
    "X": [
        [
            0.03099999949336052,
            0.029999999329447746
        ],
        [
            0.03651651673788603,
            -5.217716175565101e-06
        ],
        [
            0.004563115888284397,
            0.05408786980938718
        ],
        [
            0.010025524035476518,
            0.06590556369581169
        ],
        [
            -0.002464313558702358,
            -0.015905877514271083
        ],
        [
            0.006587295615483768,
            0.0055410184046778
        ],
        [
            -0.2679442763328552,
            -0.09212183952331543
        ],
        [
            -0.010917991399765015,
            -0.45134466886520386
        ],
        [
            -0.0016288161277770996,
            -0.4870195686817169
        ],
        [
            0.3697861433029175,
            -0.11388957500457764
        ],
        [
            0.36848509311676025,
            -0.11388945579528809
        ],
        [
            0.3476295471191406,
            -0.10202449560165405
        ],
        [
            0.37634599208831787,
            -0.13427817821502686
        ],
        [
            0.3414788842201233,
            -0.137937992811203
        ],
        [
            0.32704639434814453,
            -0.11230874061584473
        ],
        [
            0.29001563787460327,
            -0.11219802498817444
        ],
        [
            0.288623571395874,
            -0.11217505484819412
        ],
        [
            -0.09774130582809448,
            -0.22070658206939697
        ],
        [
            -0.10568025708198547,
            -0.1824750304222107
        ],
        [
            -0.1042153462767601,
            -0.18221911787986755
        ],
        [
            -0.09601420164108276,
            -0.17326048016548157
        ],
        [
            -0.055780261754989624,
            -0.18163034319877625
        ],
        [
            -0.0990481972694397,
            -0.18256419897079468
        ],
        [
            -0.3946489095687866,
            -0.002093374729156494
        ],
        [
            0.4858763813972473,
            -0.29001837968826294
        ],
        [
            -0.25690293312072754,
            0.14661437273025513
        ],
        [
            -0.27651453018188477,
            0.1676310896873474
        ],
        [
            -0.2790169417858124,
            0.13707208633422852
        ],
        [
            -0.2549889087677002,
            0.15213227272033691
        ],
        [
            -0.20999136567115784,
            0.1485891342163086
        ],
        [
            -0.23921263217926025,
            0.16479361057281494
        ],
        [
            -0.23884975910186768,
            0.18222647905349731
        ],
        [
            -0.28891944885253906,
            0.20725500583648682
        ],
        [
            -0.2886591851711273,
            0.20737941563129425
        ],
        [
            -0.2610761523246765,
            0.2083180546760559
        ],
        [
            -0.2407665252685547,
            0.21652615070343018
        ],
        [
            -0.3315781354904175,
            -0.35550442337989807
        ],
        [
            -0.33147379755973816,
            -0.3554779887199402
        ],
        [
            -0.32767656445503235,
            -0.3550270199775696
        ],
        [
            -0.3270246982574463,
            -0.3549835979938507
        ],
        [
            -0.3063058853149414,
            -0.35077640414237976
        ],
        [
            -0.30599114298820496,
            -0.3507276475429535
        ],
        [
            -0.3306904733181,
            -0.3416905999183655
        ],
        [
            -0.35109955072402954,
            -0.3224331736564636
        ],
        [
            -0.36688610911369324,
            -0.3066723644733429
        ],
        [
            -0.358315110206604,
            -0.3365347981452942
        ],
        [
            -0.36324912309646606,
            -0.3629680275917053
        ],
        [
            -0.31000155210494995,
            -0.37363743782043457
        ],
        [
            -0.28593212366104126,
            -0.36359381675720215
        ],
        [
            -0.3179946541786194,
            -0.31919044256210327
        ],
        [
            -0.28776174783706665,
            -0.2994251847267151
        ],
        [
            -0.3263550400733948,
            -0.2886533737182617
        ],
        [
            -0.27904659509658813,
            -0.28199589252471924
        ],
        [
            -0.2886607050895691,
            -0.2670993208885193
        ],
        [
            -0.3054403066635132,
            -0.26047152280807495
        ],
        [
            -0.34361475706100464,
            -0.2510244846343994
        ]
    ],
    "Y": [
        2304.6739786783855,
        1702.7246826171875,
        2869.6733235677084,
        2945.8913330078126,
        2150.0789794921875,
        2471.283658854167,
        346.84727228482564,
        5.64575856924057,
        4.842455075184504,
        4.285261252274116,
        3.779990220069885,
        5.038192531466484,
        4.199650715539852,
        3.5711028317610425,
        4.5994216700394945,
        4.411579989292659,
        5.278572663664818,
        6.554852565129598,
        7.3754561185836796,
        8.249745039145152,
        8.880909395217895,
        6.029222416877746,
        7.894268540541331,
        7.532932190100352,
        5.669460332393646,
        375.023260657986,
        7.542424809932709,
        6.503401873509089,
        11.734228372573853,
        22.138020356496174,
        16.87564535140991,
        15.544369983673096,
        6.059360535939534,
        5.210011728107929,
        6.252066096353034,
        9.839996147155762,
        4.541459789872169,
        4.34598342180252,
        4.474087971821428,
        5.35807565053304,
        4.729557735907535,
        4.690352853139242,
        4.191591554135084,
        3.670668653647105,
        4.070701362689336,
        3.5995899446774273,
        4.775584321220716,
        4.468043339252472,
        4.613488880793254,
        4.8065323313077295,
        3.955133010943731,
        3.8378461241722106,
        4.174232356746992,
        4.119609847043951,
        3.1044016944865387,
        4.363788824280103
    ],