{
    "metadata": {
        "input": [
            "XFEL.FEL/UNDULATOR.SASE1/CAX.CELL3.SA1/FIELD.OFFSET",
            "XFEL.FEL/UNDULATOR.SASE1/CAY.CELL3.SA1/FIELD.OFFSET",
            "XFEL.FEL/UNDULATOR.SASE1/CAX.CELL4.SA1/FIELD.OFFSET",
            "XFEL.FEL/UNDULATOR.SASE1/CAY.CELL4.SA1/FIELD.OFFSET"
        ],
        "objective": "XFEL.FEL/XGM/XGM.2643.T9/INTENSITY.SA1.RAW.TRAIN",
        "nreadings": 30,
        "interval": 0.1,
        "max_iter": 50,
        "bounds": [
            [
                -0.5,
                -0.5,
                -0.5,
                -0.5
            ],
            [
                0.5,
                0.5,
                0.5,
                0.5
            ]
        ],
        "acquisition": "UCB",
        "step_limit_type": "proximal",
        "proximal_len": [
            0.10000000149011612,
            0.10000000149011612,
            0.10000000149011612,
            0.10000000149011612
        ],
        "step_size": 0.10000000149011612,
        "fixed_noise": false
    },
    "X": [
        [
            0.024456655606627464,
            0.07259324938058853,
            -0.09822982549667358,
            -0.052160974591970444
        ],
        [
            0.029529946745534108,
            0.06813652061735498,
            -0.09049613464275463,
            -0.07367719667429062
        ],
        [
            -0.011389614058230357,
            0.0473898958384491,
            -0.09367176883581196,
            -0.06816979894055164
        ],
        [
            0.009916954643432785,
            0.04360969172442619,
            -0.0774192985771518,
            -0.02430706802228233
        ],
        [
            0.06600503350121345,
            0.04089889032104077,
            -0.06299123115482042,
            -0.08046981361968575
        ],
        [
            0.002017694004789572,
            0.07830915012532325,
            -0.057516043771598024,
            -0.012435169671091373
        ],
        [
            -0.10527265071868896,
            0.112612783908844,
            -0.12198090553283691,
            -0.013776212930679321
        ],
        [
            -0.14649376273155212,
            0.14580243825912476,
            0.0010623931884765625,
            0.06222701072692871
        ],
        [
            -0.16895601153373718,
            0.22230571508407593,
            -0.021798789501190186,
            0.14732754230499268
        ],
        [
            -0.1822052299976349,
            0.2451103925704956,
            -0.06784471869468689,
            0.30892670154571533
        ],
        [
            -0.20651482045650482,
            0.24567563831806183,
            -0.06913573294878006,
            0.31318697333335876
        ],
        [
            -0.2184351235628128,
            0.2349291294813156,
            -0.09115982800722122,
            0.19237084686756134
        ],
        [
            -0.33711564540863037,
            0.3161923885345459,
            -0.08582344651222229,
            0.0019922256469726562
        ],
        [
            -0.2990596890449524,
            0.3178436756134033,
            -0.08603989332914352,
            -0.0023062024265527725
        ],
        [
            -0.25960439443588257,
            0.3211699426174164,
            -0.08614997565746307,
            -0.01173531822860241
        ],
        [
            -0.1735551655292511,
            0.3040686249732971,
            0.0012102127075195312,
            -0.008421361446380615
        ],
        [
            -0.17342625558376312,
            0.30432599782943726,
            0.0013460346963256598,
            -0.04590834304690361
        ],
        [
            -0.1950657069683075,
            0.45497769117355347,
            0.0509181022644043,
            0.04039418697357178
        ],
        [
            -0.43837812542915344,
            0.41488564014434814,
            0.016028432175517082,
            0.10725020617246628
        ],
        [
            -0.39204442501068115,
            0.4154278039932251,
            0.01747855544090271,
            0.1076958030462265
        ],
        [
            -0.2603707015514374,
            0.4680284261703491,
            -0.05632337927818298,
            -0.06800982356071472
        ],
        [
            -0.21306617558002472,
            0.4718712270259857,
            -0.057336289435625076,
            -0.07245469838380814
        ],
        [
            -0.2120119035243988,
            0.4747062921524048,
            -0.04239415377378464,
            -0.08204071968793869
        ],
        [
            -0.24924154579639435,
            0.4775489866733551,
            -0.03229809179902077,
            -0.09749727696180344
        ],
        [
            -0.27065151929855347,
            0.20536702871322632,
            -0.08010396361351013,
            -0.2594309449195862
        ],
        [
            -0.31593868136405945,
            0.20342108607292175,
            -0.08036623895168304,
            -0.268371045589447
        ],
        [
            -0.36548539996147156,
            0.20195108652114868,
            -0.08081456273794174,
            -0.2756888270378113
        ],
        [
            -0.416957288980484,
            0.20124153792858124,
            -0.08117767423391342,
            -0.2808447778224945
        ],
        [
            -0.41728994250297546,
            0.1966923624277115,
            -0.09563860297203064,
            -0.25327229499816895
        ],
        [
            -0.4672190248966217,
            0.19624480605125427,
            -0.09911639243364334,
            -0.25348514318466187
        ],
        [
            -0.46537017822265625,
            0.19404245913028717,
            -0.1069968193769455,
            -0.3047618865966797
        ],
        [
            -0.5,
            0.19412289559841156,
            -0.1197243258357048,
            -0.30493685603141785
        ],
        [
            -0.4984246790409088,
            0.18658846616744995,
            -0.12856276333332062,
            -0.25251704454421997
        ],
        [
            -0.4966559410095215,
            0.17263205349445343,
            -0.12420825660228729,
            -0.1934695541858673
        ],
        [
            -0.45230886340141296,
            0.1703580915927887,
            -0.1324394941329956,
            -0.18128027021884918
        ],
        [
            -0.40181419253349304,
            0.16923190653324127,
            -0.13955019414424896,
            -0.1809871941804886
        ],
        [
            -0.3514017164707184,
            0.1693378984928131,
            -0.14593710005283356,
            -0.18504339456558228
        ],
        [
            -0.367703378200531,
            0.17130857706069946,
            -0.16385582089424133,
            -0.19409136474132538
        ],
        [
            -0.32231974601745605,
            0.17225079238414764,
            -0.17545728385448456,
            -0.19899342954158783
        ],
        [
            -0.3409867584705353,
            0.17250306904315948,
            -0.19693294167518616,
            -0.19993692636489868
        ],
        [
            -0.29495692253112793,
            0.17366312444210052,
            -0.21114791929721832,
            -0.20454783737659454
        ],
        [
            -0.24560976028442383,
            0.17462338507175446,
            -0.22647696733474731,
            -0.21096597611904144
        ],
        [
            -0.2603556215763092,
            0.1752082258462906,
            -0.25138047337532043,
            -0.21509279310703278
        ],
        [
            -0.20558546483516693,
            0.17520076036453247,
            -0.2630828619003296,
            -0.21697495877742767
        ],
        [
            -0.14287850260734558,
            0.1741449385881424,
            -0.26177048683166504,
            -0.21708406507968903
        ],
        [
