{
    "metadata": {
        "input": [
            "XFEL.FEL/UNDULATOR.SASE1/CAX.CELL3.SA1/FIELD.OFFSET",
            "XFEL.FEL/UNDULATOR.SASE1/CAX.CELL5.SA1/FIELD.OFFSET",
            "XFEL.FEL/UNDULATOR.SASE1/CAX.CELL7.SA1/FIELD.OFFSET",
            "XFEL.FEL/UNDULATOR.SASE1/CAX.CELL9.SA1/FIELD.OFFSET",
            "XFEL.FEL/UNDULATOR.SASE1/CAX.CELL11.SA1/FIELD.OFFSET",
            "XFEL.FEL/UNDULATOR.SASE1/CAX.CELL13.SA1/FIELD.OFFSET"
        ],
        "objective": "XFEL.FEL/XGM/XGM.2643.T9/INTENSITY.SA1.RAW.TRAIN",
        "nreadings": 30,
        "interval": 0.1,
        "max_iter": 50,
        "bounds": [
            [
                -0.5,
                -0.5,
                -0.5,
                -0.5,
                -0.5,
                -0.5
            ],
            [
                0.5,
                0.5,
                0.5,
                0.5,
                0.5,
                0.5
            ]
        ],
        "acquisition": "EI",
        "step_limit_type": "hard",
        "proximal_len": [
            0.009999999776482582,
            0.009999999776482582,
            0.009999999776482582,
            0.009999999776482582,
            0.009999999776482582,
            0.009999999776482582
        ],
        "step_size": 0.10000000149011612,
        "fixed_noise": false
    },
    "X": [
        [
            0.03099999949336052,
            -0.03654385730624199,
            0.03500000014901161,
            -0.016877107322216034,
            0.032584309577941895,
            0.10970067977905273
        ],
        [
            -0.004386456092990265,
            -0.017545889779955637,
            0.03769510168872925,
            -0.0057567401063387535,
            -0.006032848933594792,
            0.06412160924704269
        ],
        [
            0.06083630889410241,
            0.009332467554156842,
            0.03924806496870614,
            -0.041277508801227825,
            0.015083014704267761,
            0.09322367285971334
        ],
        [
            0.031579314925958446,
            -0.08498488662304027,
            -0.004398783883434287,
            -0.0345650422228565,
            0.010078864954330857,
            0.14704357441280624
        ],
        [
            -0.00614950786753754,
            -0.0676317450566275,
            0.07888058265865716,
            -0.039763723654845595,
            0.006856602046970917,
            0.1568272716868906
        ],
        [
            0.009139006259128557,
            0.005097438270468935,
            0.046850405064976286,
            0.015476550643945597,
            0.07089596447812996,
            0.10009080157265249
        ],
        [
            -0.09086099523098756,
            -0.038133472204208374,
            -0.05314959642513983,
            -0.08452345084617052,
            0.09120959043502808,
            0.2000908030627686
        ],
        [
            0.004238894209265709,
            -0.03623734414577484,
            0.04321698471903801,
            -0.012255512177944183,
            0.008821568451821804,
            0.10009080157265249
        ],
        [
            0.008813531138002872,
            -0.04916604608297348,
            0.062094785273075104,
            -0.02592189982533455,
            0.018769755959510803,
            0.12417256832122803
        ],
        [
            0.00977447722107172,
            -0.052978597581386566,
            0.07620866596698761,
            -0.026531590148806572,
            0.024675751104950905,
            0.10755376517772675
        ],
        [
            0.007773616351187229,
            -0.04426664486527443,
            0.06596444547176361,
            -0.023472361266613007,
            0.021040434017777443,
            0.14686672389507294
        ],
        [
            0.0060905455611646175,
            -0.0529298260807991,
            0.05301081761717796,
            -0.035961564630270004,
            0.01112599577754736,
            0.11177832633256912
        ],
        [
            0.017954733222723007,
            -0.05690557137131691,
            0.05596698820590973,
            -0.02315106987953186,
            0.011429782025516033,
            0.11818969249725342
        ],
        [
            0.11795473471283913,
            -0.15690557286143303,
            -0.03499612957239151,
            -0.1114535927772522,
            0.10507511347532272,
            0.0181896910071373
        ],
        [
            0.017954733222723007,
            -0.05690557137131691,
            0.06500387191772461,
            -0.011453591287136078,
            0.005075111985206604,
            -0.08181031048297882
        ],
        [
            -0.04973096400499344,
            -0.004014194011688232,
            0.048615630716085434,
            0.031115002930164337,
            -0.027826489880681038,
            0.0181896910071373
        ],
        [
            0.0012653698213398457,
            -0.0622858926653862,
            0.05420753359794617,
            -0.024893952533602715,
            0.022721145302057266,
            0.10921450704336166
        ],
        [
            0.031536974012851715,
            -0.05414976552128792,
            0.060825422406196594,
            -0.03541067987680435,
            0.0051902239210903645,
            0.11150135844945908
        ],
        [
            0.13153697550296783,
            -0.07322652637958527,
            -0.005339944269508123,
            0.038683269172906876,
            -0.012916815467178822,
            0.10630030930042267
        ],
        [
            0.031536974012851715,
            -0.05457645654678345,
            0.06174581125378609,
            -0.03652282804250717,
            0.00967578124254942,
            0.12387015670537949
        ],
        [
            -0.0008775454480201006,
            -0.05490739643573761,
            0.06299847364425659,
            -0.021671082824468613,
            -0.0048203011974692345,
            0.10901672393083572
        ],
        [
            0.024935346096754074,
            -0.0528499037027359,
            0.056738998740911484,
            -0.013135574758052826,
            0.00786561332643032,
            0.10494036227464676
        ],
        [
            -0.010160286910831928,
            -0.05316442251205444,
            0.0592496357858181,
            -0.03418722748756409,
            0.004275566432625055,
            0.11835814267396927
        ],
        [
            0.01654045842587948,
            -0.051268238574266434,
            0.05525133013725281,
            -0.037500184029340744,
            0.0028076821472495794,
            0.0848650261759758
        ],
        [
            0.01686154305934906,
            -0.06251057237386703,
            0.06484736502170563,
            -0.012443152256309986,
            -0.004127014894038439,
            0.12207596004009247
        ],
        [
            0.014902721159160137,
            -0.054873138666152954,
            0.05502097308635712,
            -0.02296798676252365,
            -0.003837049240246415,
            0.11924009025096893
        ],
        [
            0.014496848918497562,
            -0.05150296539068222,
            0.06132340431213379,
            -0.029523126780986786,
            -0.009932548739016056,
            0.11709534376859665
        ],
        [
            0.01743370108306408,
            -0.05871797725558281,
            0.04945068061351776,
            -0.02818330191075802,
            -0.0253161508589983,
            0.1119636818766594
        ],
        [
            0.012521769851446152,
            -0.05253544822335243,
            0.0630263090133667,
            -0.025468651205301285,
            0.0030256053432822227,
            0.11839835345745087
        ],
        [
            0.012604459188878536,
            -0.05202602222561836,
            0.06094035878777504,
            -0.021657777950167656,
            0.003061952767893672,
