{
    "metadata": {
        "input": [
            "XFEL.FEL/UNDULATOR.SASE1/CAX.CELL3.SA1/FIELD.OFFSET",
            "XFEL.FEL/UNDULATOR.SASE1/CAY.CELL3.SA1/FIELD.OFFSET",
            "XFEL.FEL/UNDULATOR.SASE1/CAY.CELL7.SA1/FIELD.OFFSET",
            "XFEL.FEL/UNDULATOR.SASE1/CAX.CELL8.SA1/FIELD.OFFSET"
        ],
        "objective": "XFEL.FEL/XGM/XGM.2643.T9/INTENSITY.SA1.RAW.TRAIN",
        "nreadings": 30,
        "interval": 0.1,
        "max_iter": 50,
        "bounds": [
            [
                -0.5,
                -0.5,
                -0.5,
                -0.5
            ],
            [
                0.5,
                0.5,
                0.5,
                0.5
            ]
        ],
        "acquisition": "UCB",
        "step_limit_type": "proximal",
        "proximal_len": [
            0.5,
            0.5,
            0.5,
            0.5
        ],
        "step_size": 0.10000000149011612,
        "fixed_noise": false
    },
    "X": [
        [
            0.03099999949336052,
            0.029999999329447746,
            0.09799999743700027,
            0.04899999871850014
        ],
        [
            0.002113424556157373,
            -0.0005728923614753967,
            0.10182161485883023,
            0.06022821458024108
        ],
        [
            2.1373018940895605e-05,
            -0.008331867506084834,
            0.07454472298241743,
            0.09440861188484151
        ],
        [
            0.05418600400069362,
            0.00575088040159466,
            0.11514985139891287,
            0.07495854908166155
        ],
        [
            0.049721246491689186,
            -0.01435886873839598,
            0.1469487808488128,
            0.005339875911770431
        ],
        [
            0.0672158477636553,
            0.011789522421203902,
            0.09605160501676213,
            0.010517010264352145
        ],
        [
            0.05552228167653084,
            0.018556326627731323,
            0.0961698591709137,
            0.012875170446932316
        ],
        [
            0.04725158214569092,
            0.02341179922223091,
            0.09605639427900314,
            0.01836503855884075
        ],
        [
            0.04138973727822304,
            0.027195286005735397,
            0.09534607827663422,
            0.02037975564599037
        ],
        [
            0.03697545826435089,
            0.029165679588913918,
            0.09221764653921127,
            0.02048577181994915
        ],
        [
            0.03406815230846405,
            0.030396493151783943,
            0.08722122013568878,
            0.0196247436106205
        ],
        [
            0.03050198405981064,
            0.031752072274684906,
            0.08824107050895691,
            0.01766507513821125
        ],
        [
            0.024992160499095917,
            0.03359575569629669,
            0.08929654210805893,
            0.013588554225862026
        ],
        [
            0.01929466240108013,
            0.0350835956633091,
            0.09215418994426727,
            0.008693860843777657
        ],
        [
            0.01447231974452734,
            0.03627600520849228,
            0.09482468664646149,
            0.004242761060595512
        ],
        [
            0.11032135784626007,
            0.04218976944684982,
            -0.06782124936580658,
            -0.1682741641998291
        ],
        [
            0.10988936573266983,
            0.042205918580293655,
            -0.0670752003788948,
            -0.2552489638328552
        ],
        [
            0.10272844135761261,
            0.04307769238948822,
            -0.06418286263942719,
            -0.09831778705120087
        ],
        [
            0.0565023347735405,
            0.04464806616306305,
            0.010077406652271748,
            -0.08590943366289139
        ],
        [
            0.017269598320126534,
            0.04351871460676193,
            0.07778897881507874,
            -0.03273770213127136
        ],
        [
            0.005457994062453508,
            0.040835458785295486,
            0.10040781646966934,
            -0.00030603038612753153
        ],
        [
            0.0006791813066229224,
            0.039242904633283615,
            0.1081736758351326,
            0.0006514596752822399
        ],
        [
            0.001063119270838797,
            0.03933551907539368,
            0.09908672422170639,
            -0.0028167550917714834
        ],
        [
            0.007749040145426989,
            0.04198377579450607,
            0.11155807971954346,
            0.004605832975357771
        ],
        [
            0.01123990397900343,
            0.044129353016614914,
            0.11923980712890625,
            0.00385434553027153
        ],
        [
            0.011402072384953499,
            0.04583830013871193,
            0.12290334701538086,
            0.005669752601534128
        ],
        [
            0.011520356871187687,
            0.049725741147994995,
            0.13130366802215576,
            0.012235370464622974
        ],
        [
            0.01034938357770443,
            0.05308995768427849,
            0.13779959082603455,
            0.017339982092380524
        ],
        [
            0.011209015734493732,
            0.05373765528202057,
            0.13900510966777802,
            0.01399572379887104
        ],
        [
            0.011684497818350792,
            0.05506182461977005,
            0.1410958617925644,
            0.011878659948706627
        ],
        [
            0.012200313620269299,
            0.057321686297655106,
            0.14368021488189697,
            0.0094504589214921
        ],
        [
            0.012000140734016895,
            0.05568321794271469,
            0.14718696475028992,
            0.011488115414977074
        ],
        [
            0.01159266009926796,
            0.05481692776083946,
            0.1517718881368637,
            0.011448085308074951
        ],
        [
            0.013237339444458485,
            0.055648576468229294,
            0.14652186632156372,
            0.012236440554261208
        ],
        [
            0.009403089061379433,
            0.055953994393348694,
            0.14366425573825836,
            0.011013025417923927
        ],
        [
            0.008235840126872063,
            0.05614638701081276,
            0.1422601193189621,
            0.011159312911331654
        ],
        [
            0.007960822433233261,
            0.05620196461677551,
            0.1413431316614151,
            0.011292358860373497
        ],
        [
            0.005964383482933044,
            0.05692370980978012,
            0.14002957940101624,
            0.011652735993266106
        ],
        [
            0.00423169881105423,
            0.05761650204658508,
            0.13852789998054504,
            0.012259086593985558
        ],
        [
            0.0052545154467225075,
            0.0572209395468235,
            0.1385505199432373,
            0.01150725968182087
        ],
        [
            0.005604996345937252,
            0.05695866420865059,
            0.13846349716186523,
            0.011510662734508514
        ],
        [
            0.005657662637531757,
            0.056765954941511154,
            0.13776394724845886,
            0.011442591436207294
        ],
        [
            0.005766822956502438,
            0.056714385747909546,
            0.13729842007160187,
            0.011521163396537304
        ],
        [
            0.005618652794510126,
            0.056960854679346085,
            0.14087603986263275,
            0.011820398271083832
        ],
        [
            0.005410706624388695,
            0.057030558586120605,
            0.14304253458976746,
            0.011922298930585384
        ],
        [
            0.0050374590791761875,
            0.05711067095398903,
