{
    "metadata": {
        "input": [
            "XFEL.FEL/UNDULATOR.SASE1/CAX.CELL3.SA1/FIELD.OFFSET",
            "XFEL.FEL/UNDULATOR.SASE1/CAY.CELL3.SA1/FIELD.OFFSET",
            "XFEL.FEL/UNDULATOR.SASE1/CAY.CELL7.SA1/FIELD.OFFSET",
            "XFEL.FEL/UNDULATOR.SASE1/CAX.CELL8.SA1/FIELD.OFFSET",
            "XFEL.FEL/UNDULATOR.SASE1/CAX.CELL14.SA1/FIELD.OFFSET",
            "XFEL.FEL/UNDULATOR.SASE1/CAY.CELL14.SA1/FIELD.OFFSET"
        ],
        "objective": "XFEL.FEL/XGM/XGM.2643.T9/INTENSITY.SA1.RAW.TRAIN",
        "nreadings": 30,
        "interval": 0.1,
        "max_iter": 50,
        "bounds": [
            [
                -0.5,
                -0.5,
                -0.5,
                -0.5,
                -0.5,
                -0.5
            ],
            [
                0.5,
                0.5,
                0.5,
                0.5,
                0.5,
                0.5
            ]
        ],
        "acquisition": "UCB",
        "step_limit_type": "proximal",
        "proximal_len": [
            0.5,
            0.5,
            0.5,
            0.5,
            0.5,
            0.5
        ],
        "step_size": 0.10000000149011612,
        "fixed_noise": false
    },
    "X": [
        [
            0.03099999949336052,
            0.029999999329447746,
            0.09804458916187286,
            0.04899999871850014,
            -0.026000000536441803,
            0.010827827267348766
        ],
        [
            0.04163269341934761,
            0.015706727813284527,
            0.12028234336134425,
            0.08948400453454264,
            -0.029084695921610226,
            0.024083060037422666
        ],
        [
            0.03115462586514095,
            0.01403266577471296,
            0.08054826531564707,
            0.06373246706623537,
            -0.005454320899461518,
            0.010833686404017495
        ],
        [
            0.01977225450832032,
            0.010039589629167178,
            0.09230343988923506,
            0.018373862197605728,
            -0.059213836986032664,
            -0.0031119469767775243
        ],
        [
            -0.013642753580849654,
            0.07863553648643995,
            0.10528771590058694,
            0.08686975669666763,
            -0.03862621952036349,
            -0.002872509154682401
        ],
        [
            0.03561833433238171,
            0.07044995301142265,
            0.12863254890721976,
            0.06420846380604006,
            -0.03976142575981356,
            -0.007545900804903027
        ],
        [
            0.1717984676361084,
            0.1836012601852417,
            0.2938060760498047,
            -0.13361793756484985,
            0.01610434055328369,
            0.10047900676727295
        ],
        [
            0.17235827445983887,
            0.12332231551408768,
            0.29390576481819153,
            -0.13371647894382477,
            0.016111737117171288,
            0.1005234643816948
        ],
        [
            0.24114319682121277,
            0.10813547670841217,
            0.2939729690551758,
            -0.1337895393371582,
            0.01611735112965107,
            0.10055942833423615
        ],
        [
            0.3332291841506958,
            0.09850461781024933,
            0.29404839873313904,
            -0.13386240601539612,
            0.016123047098517418,
            0.10059946030378342
        ],
        [
            0.3489486277103424,
            0.08435169607400894,
            0.368938148021698,
            -0.13397546112537384,
            0.01612740010023117,
            0.10064449161291122
        ],
        [
            0.38345780968666077,
            0.04051102697849274,
            0.3924866318702698,
            -0.18828515708446503,
            0.01613539271056652,
            0.10093530267477036
        ],
        [
            0.5,
            0.017796801403164864,
            0.40461766719818115,
            -0.21066875755786896,
            0.016141710802912712,
            0.10179443657398224
        ],
        [
            0.5,
            -0.008463743142783642,
            0.4179571270942688,
            -0.2727822959423065,
            0.016162684187293053,
            0.0742330551147461
        ],
        [
            0.5,
            -0.07104604691267014,
            0.42539215087890625,
            -0.30336442589759827,
            0.01620902493596077,
            0.06267987936735153
        ],
        [
            0.5,
            -0.12961126863956451,
            0.4288664162158966,
            -0.32151520252227783,
            0.016317913308739662,
            0.034385669976472855
        ],
        [
            0.3624488413333893,
            -0.1413397341966629,
            0.43306562304496765,
            -0.33357030153274536,
            0.016394514590501785,
            0.029381416738033295
        ],
        [
            0.33970513939857483,
            -0.14950326085090637,
            0.43534332513809204,
            -0.34198299050331116,
            0.025524886325001717,
            -0.003987238276749849
        ],
        [
            0.3274848163127899,
            -0.2573470175266266,
            0.43649089336395264,
            -0.3462975323200226,
            0.027593044564127922,
            -0.010148292407393456
        ],
        [
            0.324596643447876,
            -0.26708874106407166,
            0.4368422329425812,
            -0.3475988805294037,
            0.053162455558776855,
            -0.015856605023145676
        ],
        [
            0.1869550496339798,
            -0.28256845474243164,
            0.43791744112968445,
            -0.3495664596557617,
            0.05434892326593399,
            -0.016347801312804222
        ],
        [
            0.1790831983089447,
            -0.4132966101169586,
            0.4380486011505127,
            -0.349910169839859,
            0.055061113089323044,
            -0.016633450984954834
        ],
        [
            0.17848725616931915,
            -0.4154547452926636,
            0.43808361887931824,
            -0.44164779782295227,
            0.055825263261795044,
            -0.0190016720443964
        ],
        [
            0.05359390377998352,
            -0.41681453585624695,
            0.4385467767715454,
            -0.4440864622592926,
            0.05879402533173561,
            -0.019326629117131233
        ],
        [
            0.05352221056818962,
            -0.41707852482795715,
            0.4385501742362976,
            -0.444276362657547,
            0.058922842144966125,
            -0.03797042742371559
        ],
        [
            -0.06801202893257141,
            -0.4171293079853058,
            0.43860045075416565,
            -0.44436269998550415,
            0.05936528369784355,
            -0.038363296538591385
        ],
        [
            -0.06894590705633163,
            -0.47250765562057495,
            0.3673095703125,
            -0.44582945108413696,
            0.05955210700631142,
            -0.03859289363026619
        ],
        [
            -0.06898393481969833,
            -0.4726569652557373,
            0.34186625480651855,
            -0.4458746910095215,
            0.081734299659729,
            -0.03860373795032501
        ],
        [
            -0.0690295547246933,
            -0.3748317062854767,
            0.2905079126358032,
            -0.44593605399131775,
            0.08190882951021194,
            -0.03861350566148758
        ],
        [
            -0.06905966252088547,
            -0.3745122253894806,
            0.2902553379535675,
            -0.4459240436553955,
            0.0833008736371994,
            -0.05830049514770508
        ],
        [
            -0.18570923805236816,
            -0.29317930340766907,
            0.2892299294471741,
            -0.4459856450557709,
            0.08346489071846008,
            -0.058395493775606155
        ],
