{
    "metadata": {
        "input": [
            "XFEL.FEL/UNDULATOR.SASE1/CAX.CELL3.SA1/FIELD.OFFSET",
            "XFEL.FEL/UNDULATOR.SASE1/CAY.CELL3.SA1/FIELD.OFFSET"
        ],
        "objective": "XFEL.FEL/XGM/XGM.2643.T9/INTENSITY.SA1.RAW.TRAIN",
        "nreadings": 30,
        "interval": 0.1,
        "max_iter": 50,
        "bounds": [
            [
                -0.5,
                -0.5
            ],
            [
                0.5,
                0.5
            ]
        ],
        "acquisition": "UCB",
        "step_limit_type": "proximal",
        "proximal_len": [
            0.5,
            0.5
        ],
        "step_size": 0.10000000149011612,
        "fixed_noise": false
    },
    "X": [
        [
            0.03099999949336052,
            0.029999999329447746
        ],
        [
            0.051451944864570276,
            0.03689663830245493
        ],
        [
            0.07085154637473146,
            0.06301607352519145
        ],
        [
            0.04084883868469058,
            0.05604076238037292
        ],
        [
            0.0790124594869086,
            0.07275777336594125
        ],
        [
            0.04830129693897511,
            0.0016623533764832388
        ],
        [
            0.035190362483263016,
            0.020736027508974075
        ],
        [
            0.02990417368710041,
            0.03719838336110115
        ],
        [
            0.02806633897125721,
            0.04368838295340538
        ],
        [
            0.02441459521651268,
            0.04930059611797333
        ],
        [
            0.02008272521197796,
            0.05402138829231262
        ],
        [
            0.013687368482351303,
            0.058895040303468704
        ],
        [
            0.007467568852007389,
            0.06249048933386803
        ],
        [
            0.0047118691727519035,
            0.06521475315093994
        ],
        [
            -1.925707010741462e-06,
            0.06866475939750671
        ],
        [
            -0.007524712011218071,
            0.07262280583381653
        ],
        [
            -0.016457844525575638,
            0.07562429457902908
        ],
        [
            -0.024212094023823738,
            0.07806436717510223
        ],
        [
            -0.02448062039911747,
            0.0806535929441452
        ],
        [
            -0.023488860577344894,
            0.08277488499879837
        ],
        [
            -0.022841470316052437,
            0.08871350437402725
        ],
        [
            -0.021105244755744934,
            0.09592729806900024
        ],
        [
            -0.02109556645154953,
            0.10044850409030914
        ],
        [
            -0.02138102799654007,
            0.10529380291700363
        ],
        [
            -0.021558046340942383,
            0.10907705873250961
        ],
        [
            -0.021479442715644836,
            0.11184253543615341
        ],
        [
            -0.02060503512620926,
            0.11166434735059738
        ],
        [
            -0.019440095871686935,
            0.11176535487174988
        ],
        [
            -0.01887928880751133,
            0.11180668324232101
        ],
        [
            -0.02196352928876877,
            0.1117834821343422
        ],
        [
            -0.022022008895874023,
            0.11111541837453842
        ],
        [
            -0.02332841418683529,
            0.11141509562730789
        ],
        [
            -0.024347996339201927,
            0.11192183941602707
        ],
        [
            -0.025912635028362274,
            0.11288043111562729
        ],
        [
            -0.028958387672901154,
            0.11485156416893005
        ],
        [
            -0.028269680216908455,
            0.11543536186218262
        ],
        [
            -0.02857370860874653,
            0.1164388433098793
        ],
        [
            -0.028183283284306526,
            0.11648546159267426
        ],
        [
            -0.02821224555373192,
            0.11713763326406479
        ],
        [
            -0.028006557375192642,
            0.11648742109537125
        ],
        [
            -0.027888599783182144,
            0.11589308083057404
        ],
        [
            -0.027822552248835564,
            0.11533995717763901
        ],
        [
            -0.027970630675554276,
            0.11481404304504395
        ],
        [
            -0.02780109830200672,
            0.11462865024805069
        ],
        [
            -0.027629464864730835,
            0.11458300799131393
        ],
        [
            -0.027495931833982468,
            0.11461198329925537
        ],
        [
            -0.027316536754369736,
            0.11512063443660736
        ],
        [
            -0.027194689959287643,
            0.11567297577857971
        ],
        [
            -0.027095172554254532,
            0.1163276880979538
        ],
        [
            -0.026942256838083267,
            0.11747391521930695
        ],
        [
            -0.027123717591166496,
            0.11751529574394226
        ],
        [
            -0.026993928477168083,
            0.11891990900039673
        ],
        [
            -0.026899971067905426,
            0.12171304225921631
        ],
        [
            -0.027073614299297333,
            0.12756383419036865
        ],
        [
            -0.027449458837509155,
            0.1316000521183014
        ],
        [
            -0.027232684195041656,
            0.13096697628498077
        ]
    ],
    "Y": [
        406.7000442504883,
        231.5501719156901,
        148.51239420572918,
        424.4688430786133,
        139.31372973124186,
        94.45266977945964,
        235.1837471008301,
        433.4520284016927,
        641.8064280192058,
        734.4667439778646,
        1048.2676330566405,
        1284.860750325521,
        1384.2826904296876,
        1518.7224548339843,
        1723.7514526367188,
        2019.3847412109376,
        2284.2000325520835,
        2325.5901692708335,
        2332.999820963542,
        2461.850048828125,
        2563.520556640625,
        2616.253946940104,
        2689.3149983723956,
        2712.5170003255207,
        2729.9715901692707,
        2691.192903645833,
        2729.479939778646,
        2724.3750162760416,
        2678.3609212239585,
        2688.8697835286457,
        2758.9205078125,
        2739.666267903646,
        2762.8437337239584,
        2806.7502278645834,
        2747.204207356771,
        2795.308097330729,
        2749.614461263021,
        2796.2403889973957,
        2735.835945638021,
        2768.4093668619794,
        2770.0077311197915,
        2801.7574951171873,
        2749.681599934896,
        2760.5404541015623,
        2763.102742513021,
        2706.6261311848957,
        2768.9962646484373,
        2776.7150146484373,
        2799.860139973958,
        2744.766853841146,
        2820.1065999348957,
        2826.255167643229,
        2861.760921223958,
        2836.14580078125,
        2783.550390625,
        2880.2485107421876
    ],