{
    "metadata": {
        "input": [
            "XFEL.FEL/UNDULATOR.SASE1/CAX.CELL3.SA1/FIELD.OFFSET",
            "XFEL.FEL/UNDULATOR.SASE1/CAY.CELL3.SA1/FIELD.OFFSET",
            "XFEL.FEL/UNDULATOR.SASE1/CAY.CELL7.SA1/FIELD.OFFSET",
            "XFEL.FEL/UNDULATOR.SASE1/CAX.CELL8.SA1/FIELD.OFFSET",
            "XFEL.FEL/UNDULATOR.SASE1/CAX.CELL14.SA1/FIELD.OFFSET",
            "XFEL.FEL/UNDULATOR.SASE1/CAY.CELL14.SA1/FIELD.OFFSET"
        ],
        "objective": "XFEL.FEL/XGM/XGM.2643.T9/INTENSITY.SA1.RAW.TRAIN",
        "nreadings": 30,
        "interval": 0.1,
        "max_iter": 50,
        "bounds": [
            [
                -0.5,
                -0.5,
                -0.5,
                -0.5,
                -0.5,
                -0.5
            ],
            [
                0.5,
                0.5,
                0.5,
                0.5,
                0.5,
                0.5
            ]
        ],
        "acquisition": "UCB",
        "step_limit_type": "proximal",
        "proximal_len": [
            0.5,
            0.5,
            0.5,
            0.5,
            0.5,
            0.5
        ],
        "step_size": 0.10000000149011612,
        "fixed_noise": false
    },
    "X": [
        [
            0.03099999949336052,
            0.029999999329447746,
            0.09804458916187286,
            0.04899999871850014,
            -0.026000000536441803,
            0.010827827267348766
        ],
        [
            0.02884029668331589,
            0.011773298036654278,
            0.10505892346820733,
            0.09273739894833266,
            -0.058876421047395766,
            0.04412984879019888
        ],
        [
            0.06322071525783413,
            0.05124685013662056,
            0.08665702624041494,
            0.03510504716791285,
            -0.0006400715506087451,
            0.014305198058148783
        ],
        [
            -0.01102348107134521,
            0.06805138458388127,
            0.13610591647120307,
            0.0735453646562303,
            -0.07239158967720849,
            0.03991497779767439
        ],
        [
            0.03487296631742964,
            0.01215562011533411,
            0.07432552838744133,
            0.09622420515454122,
            -0.055984862595571006,
            -0.03752904028977255
        ],
        [
            0.018438529036023166,
            0.03685979071050571,
            0.09957351388825364,
            0.0787573319637378,
            -0.011109204368430436,
            0.015701359396778525
        ],
        [
            -0.04920658469200134,
            0.08229684829711914,
            0.21647679805755615,
            0.07640653848648071,
            0.3750532269477844,
            0.017517387866973877
        ],
        [
            0.0839160680770874,
            -0.016322314739227295,
            0.08906906843185425,
            0.16752582788467407,
            -0.30370259284973145,
            0.18068712949752808
        ],
        [
            0.08667165786027908,
            -0.01693260855972767,
            0.14349570870399475,
            0.16918011009693146,
            -0.3262885510921478,
            0.18543928861618042
        ],
        [
            0.13389691710472107,
            -0.018860455602407455,
            0.1644424945116043,
            0.17018693685531616,
            -0.3876771628856659,
            0.18845482170581818
        ],
        [
            0.1521366685628891,
            0.00978501234203577,
            0.19251276552677155,
            0.17027544975280762,
            -0.5,
            0.18997542560100555
        ],
        [
            0.15912409126758575,
            0.02749434858560562,
            0.24111494421958923,
            0.16930852830410004,
            -0.5,
            0.18823345005512238
        ],
        [
            0.13797108829021454,
            0.0644371509552002,
            0.24548055231571198,
            0.16511841118335724,
            -0.44207412004470825,
            0.1811550110578537
        ],
        [
            0.073349229991436,
            0.07497195899486542,
            0.23241078853607178,
            0.14548525214195251,
            -0.3031634986400604,
            0.14751489460468292
        ],
        [
            0.020786849781870842,
            0.07407508045434952,
            0.18296875059604645,
            0.10631029307842255,
            -0.17080442607402802,
            0.08859182149171829
        ],
        [
            -0.0023673910181969404,
            0.071819007396698,
            0.14096377789974213,
            0.08306493610143661,
            -0.10114982724189758,
            0.05319594964385033
        ],
        [
            -0.014707213267683983,
            0.06998810917139053,
            0.137160524725914,
            0.07123392820358276,
            -0.07315601408481598,
            0.039080508053302765
        ],
        [
            -0.02034880593419075,
            0.07238802313804626,
            0.1388707458972931,
            0.06734592467546463,
            -0.07627242058515549,
            0.0388617180287838
        ],
        [
            -0.029273150488734245,
            0.07380326092243195,
            0.13963864743709564,
            0.06155479699373245,
            -0.07981547713279724,
            0.037739720195531845
        ],
        [
            -0.035228148102760315,
            0.07436062395572662,
            0.1401742845773697,
            0.05775334686040878,
            -0.07931889593601227,
            0.035745758563280106
        ],
        [
            -0.040401626378297806,
            0.07520890980958939,
            0.14137296378612518,
            0.05500004440546036,
            -0.07049625366926193,
            0.030923765152692795
        ],
        [
            -0.04045092314481735,
            0.07591360807418823,
            0.14313092827796936,
            0.05380220711231232,
            -0.08323737978935242,
            0.027481645345687866
        ],
        [
            -0.04352060705423355,
            0.07502349466085434,
            0.13975998759269714,
            0.05605451390147209,
            -0.03405023738741875,
            0.040396496653556824
        ],
        [
            -0.043422140181064606,
            0.07347355037927628,
            0.13529297709465027,
            0.057441528886556625,
            -0.0513765849173069,
            0.039609212428331375
        ],
        [
            -0.04505186900496483,
            0.07209628820419312,
            0.13152167201042175,
            0.05839342251420021,
            -0.058833908289670944,
            0.039102163165807724
        ],
        [
            -0.03978176414966583,
            0.07303784787654877,
            0.13263529539108276,
            0.05540994182229042,
            -0.04919469729065895,
            0.040681689977645874
        ],
        [
            -0.03463168814778328,
            0.07312945276498795,
            0.1303553730249405,
            0.05023431032896042,
            -0.04915912449359894,
            0.042986538261175156
        ],
        [
            -0.036836396902799606,
            0.07220913469791412,
            0.1281682699918747,
            0.05476938933134079,
            -0.03592851012945175,
            0.03850163519382477
        ],
        [
            -0.0359184704720974,
            0.07106350362300873,
            0.12313186377286911,
            0.05769365653395653,
            -0.01534254476428032,
            0.028530800715088844
        ],
        [
            -0.03653514012694359,
            0.07156629115343094,
            0.12229559570550919,
            0.055387113243341446,
            -0.026288803666830063,
            0.03603259474039078
        ],
        [
            -0.03684024512767792,
            0.0698418915271759,
            0.12871569395065308,
            0.05476587638258934,
            -0.02346975728869438,
