{
    "metadata": {
        "input": [
            "XFEL.FEL/UNDULATOR.SASE1/CAX.CELL3.SA1/FIELD.OFFSET",
            "XFEL.FEL/UNDULATOR.SASE1/CAY.CELL3.SA1/FIELD.OFFSET",
            "XFEL.FEL/UNDULATOR.SASE1/CAY.CELL7.SA1/FIELD.OFFSET",
            "XFEL.FEL/UNDULATOR.SASE1/CAX.CELL8.SA1/FIELD.OFFSET",
            "XFEL.FEL/UNDULATOR.SASE1/CAX.CELL11.SA1/FIELD.OFFSET",
            "XFEL.FEL/UNDULATOR.SASE1/CAY.CELL11.SA1/FIELD.OFFSET"
        ],
        "objective": "XFEL.FEL/XGM/XGM.2643.T9/INTENSITY.SA1.RAW.TRAIN",
        "nreadings": 10,
        "interval": 0.1,
        "max_iter": 50,
        "bounds": [
            [
                -0.5,
                -0.5,
                -0.5,
                -0.5,
                -0.5,
                -0.5
            ],
            [
                0.5,
                0.5,
                0.5,
                0.5,
                0.5,
                0.5
            ]
        ],
        "acquisition": "UCB",
        "step_limit_type": "proximal",
        "proximal_len": [
            0.5,
            0.5,
            0.5,
            0.5,
            0.5,
            0.5
        ],
        "step_size": 0.10000000149011612,
        "fixed_noise": false
    },
    "X": [
        [
            0.03099999949336052,
            0.029999999329447746,
            0.09804458916187286,
            0.04899999871850014,
            0.032584309577941895,
            0.07077378779649734
        ],
        [
            0.00308404448753663,
            0.03617968382209069,
            0.06198456531673635,
            0.03058272349212654,
            0.017391073477369012,
            0.11025480835856527
        ],
        [
            0.03560386828487916,
            -0.010416683039317753,
            0.1060640366080321,
            0.007991805806633945,
            0.018808573279146312,
            0.07413988267430804
        ],
        [
            0.06719918230472777,
            0.024024514392383622,
            0.07376317047653469,
            0.07114180731984687,
            -0.010857207230352106,
            0.055418540308546316
        ],
        [
            0.008702890987737355,
            -0.003653564433061529,
            0.07794670730683384,
            0.021807584506386313,
            -0.00942333999287559,
            0.1146440765838368
        ],
        [
            0.009586190113219484,
            0.04557879404095999,
            0.1047393889232695,
            0.0591131189482379,
            -0.007427073121240468,
            0.0753196314654625
        ],
        [
            0.22774344682693481,
            0.2578258514404297,
            0.05669558048248291,
            0.3109724521636963,
            -0.018043339252471924,
            -0.016242504119873047
        ],
        [
            0.10683023929595947,
            -0.0009704828262329102,
            0.10739970207214355,
            -0.30469611287117004,
            -0.01874244213104248,
            -0.2962304353713989
        ],
        [
            0.07912001758813858,
            0.018788602203130722,
            0.10744133591651917,
            -0.1642358899116516,
            -0.013246622867882252,
            -0.16216498613357544
        ],
        [
            0.03634500131011009,
            0.03797831013798714,
            0.10601187497377396,
            -0.018896570429205894,
            -0.009673935361206532,
            -0.009619062766432762
        ],
        [
            0.012209801003336906,
            0.04573111608624458,
            0.10539940744638443,
            0.051418110728263855,
            -0.007884299382567406,
            0.07506582140922546
        ],
        [
            0.01033101137727499,
            0.04784202575683594,
            0.10609972476959229,
            0.05608073249459267,
            -0.008184628561139107,
            0.08590829372406006
        ],
        [
            0.009526529349386692,
            0.05025925114750862,
            0.10720543563365936,
            0.057543281465768814,
            -0.008767716586589813,
            0.09791961312294006
        ],
        [
            0.008365476503968239,
            0.05324024707078934,
            0.10853919386863708,
            0.0598711222410202,
            -0.00948165450245142,
            0.11340384930372238
        ],
        [
            0.009337560273706913,
            0.05420785769820213,
            0.10924506932497025,
            0.05653742328286171,
            -0.009991494007408619,
            0.11497651785612106
        ],
        [
            0.009961923584342003,
            0.05641546845436096,
            0.11073978990316391,
            0.053756892681121826,
            -0.010873672552406788,
            0.124114029109478
        ],
        [
            0.010256449691951275,
            0.059144310653209686,
            0.11272089928388596,
            0.05181068927049637,
            -0.011907298117876053,
            0.13586117327213287
        ],
        [
            0.010150231420993805,
            0.06096397712826729,
            0.11434067040681839,
            0.051479026675224304,
            -0.012576126493513584,
            0.1437501609325409
        ],
        [
            0.010185442864894867,
            0.06172852963209152,
            0.11408063024282455,
            0.05105390399694443,
            -0.012880947440862656,
            0.14700481295585632
        ],
        [
            0.009999090805649757,
            0.06429290026426315,
            0.1148972436785698,
            0.05067707970738411,
            -0.013811075128614902,
            0.1585557758808136
        ],
        [
            0.01017405092716217,
            0.06773284077644348,
            0.11605890095233917,
            0.04888731241226196,
            -0.015248921699821949,
            0.17452587187290192
        ],
        [
            0.010216457769274712,
            0.07063122093677521,
            0.11667224019765854,
            0.047626398503780365,
            -0.016553394496440887,
            0.18678180873394012
        ],
        [
            0.010219784453511238,
            0.07079102843999863,
            0.11679504811763763,
            0.04747229069471359,
            -0.015839794650673866,
            0.18715015053749084
        ],
        [
            0.010274450294673443,
            0.07372414320707321,
            0.11768904328346252,
            0.04610219970345497,
            -0.015670515596866608,
            0.1994573026895523
        ],
        [
            0.010080735199153423,
            0.07385286688804626,
            0.1177520751953125,
            0.04651555046439171,
            -0.015728216618299484,
            0.1994883418083191
        ],
        [
            0.009865453466773033,
            0.07566472142934799,
            0.11832208186388016,
            0.04624349996447563,
            -0.015578215941786766,
            0.2062332183122635
        ],
        [
            0.00975691620260477,
            0.07541169971227646,
            0.1182442456483841,
            0.0465703047811985,
            -0.015632471069693565,
            0.20514985918998718
        ],
        [
            0.009629551321268082,
            0.07537107914686203,
            0.11804376542568207,
            0.04688289016485214,
            -0.015597856603562832,
            0.20499035716056824
        ],
        [
            0.00886639766395092,
            0.07707467675209045,
            0.11800924688577652,
            0.0480966679751873,
            -0.015467597171664238,
            0.21061238646507263
        ],
        [
            0.007731902878731489,
            0.07888974994421005,
            0.11769929528236389,
            0.05024150758981705,
            -0.015359953977167606,
            0.21583588421344757
        ],
        [
            0.00879466813057661,
            0.07595566660165787,
            0.11843901127576828,
