{
    "metadata": {
        "input": [
            "XFEL.FEL/UNDULATOR.SASE1/CAX.CELL3.SA1/FIELD.OFFSET",
            "XFEL.FEL/UNDULATOR.SASE1/CAY.CELL3.SA1/FIELD.OFFSET",
            "XFEL.FEL/UNDULATOR.SASE1/CAY.CELL7.SA1/FIELD.OFFSET",
            "XFEL.FEL/UNDULATOR.SASE1/CAX.CELL8.SA1/FIELD.OFFSET",
            "XFEL.FEL/UNDULATOR.SASE1/CAX.CELL11.SA1/FIELD.OFFSET",
            "XFEL.FEL/UNDULATOR.SASE1/CAY.CELL11.SA1/FIELD.OFFSET"
        ],
        "objective": "XFEL.FEL/XGM/XGM.2643.T9/INTENSITY.SA1.RAW.TRAIN",
        "nreadings": 5,
        "interval": 0.1,
        "max_iter": 50,
        "bounds": [
            [
                -0.5,
                -0.5,
                -0.5,
                -0.5,
                -0.5,
                -0.5
            ],
            [
                0.5,
                0.5,
                0.5,
                0.5,
                0.5,
                0.5
            ]
        ],
        "acquisition": "UCB",
        "step_limit_type": "proximal",
        "proximal_len": [
            0.5,
            0.5,
            0.5,
            0.5,
            0.5,
            0.5
        ],
        "step_size": 0.10000000149011612,
        "fixed_noise": false
    },
    "X": [
        [
            0.03099999949336052,
            0.029999999329447746,
            0.09804458916187286,
            0.04899999871850014,
            0.032584309577941895,
            0.07077378779649734
        ],
        [
            0.06842592935898795,
            -0.007801398080608202,
            0.07805975347779937,
            0.030126443969107353,
            0.03272927999712483,
            0.10533645353559651
        ],
        [
            -0.01784845141840652,
            0.06816031207383144,
            0.09324078850740491,
            0.09873099773721394,
            0.055963784804634376,
            0.09903593254479981
        ],
        [
            0.011095469148389547,
            0.01395069746599642,
            0.05518973703898711,
            0.06436598696359974,
            0.04890644574645364,
            0.07921763224071032
        ],
        [
            0.01829770113971385,
            0.06728110182704183,
            0.09244540027381198,
            0.028226647216478717,
            0.029885804612956868,
            0.07752753655245526
        ],
        [
            0.0629339036633656,
            0.006657467062137545,
            0.05150837530886809,
            0.0017359108140455604,
            0.06783186845850286,
            0.08094918892048897
        ],
        [
            0.128673255443573,
            -0.14997252821922302,
            0.13602852821350098,
            -0.05044528841972351,
            -0.019100427627563477,
            0.2019970417022705
        ],
        [
            0.12872838973999023,
            -0.10324304550886154,
            0.13608716428279877,
            -0.05057879164814949,
            -0.01916058175265789,
            0.2020978331565857
        ],
        [
            0.1287739872932434,
            -0.05978228524327278,
            0.13618077337741852,
            -0.05084381252527237,
            -0.019252996891736984,
            0.2022290974855423
        ],
        [
            0.12878888845443726,
            -0.03444832190871239,
            0.13625264167785645,
            -0.051068320870399475,
            -0.01932157762348652,
            0.20231643319129944
        ],
        [
            0.12895694375038147,
            0.003329439088702202,
            0.13656394183635712,
            -0.05685470625758171,
            -0.019639184698462486,
            0.20274250209331512
        ],
        [
            0.12902730703353882,
            0.021284431219100952,
            0.1366955041885376,
            -0.060400936752557755,
            -0.019784193485975266,
            0.20292755961418152
        ],
        [
            0.1291063278913498,
            0.03151603415608406,
            0.13683444261550903,
            -0.0658092051744461,
            -0.019938569515943527,
            0.20312894880771637
        ],
        [
            0.1290590912103653,
            0.04278315603733063,
            0.13680513203144073,
            -0.060183148831129074,
            -0.019895022734999657,
            0.20306015014648438
        ],
        [
            0.1290271133184433,
            0.05267152935266495,
            0.13678915798664093,
            -0.05585619434714317,
            -0.01987052522599697,
            0.20301853120326996
        ],
        [
            0.12735427916049957,
            0.04421975091099739,
            0.13665011525154114,
            -0.0627342090010643,
            -0.018818356096744537,
            0.2022763341665268
        ],
        [
            0.12126901745796204,
            0.06301891803741455,
            0.13620348274707794,
            -0.06209549680352211,
            -0.015356035903096199,
            0.19985471665859222
        ],
        [
            0.11721358448266983,
            0.07496199011802673,
            0.1357635259628296,
            -0.06171250343322754,
            -0.012314898893237114,
            0.19778379797935486
        ],
        [
            0.11206987500190735,
            0.08552484959363937,
            0.13527017831802368,
            -0.06608102470636368,
            -0.00742527237161994,
            0.19514091312885284
        ],
        [
            0.11129022389650345,
            0.09111838787794113,
            0.1350441724061966,
            -0.06458915024995804,
            -0.0052954270504415035,
            0.19420690834522247
        ],
        [
            0.11094514280557632,
            0.09280994534492493,
            0.13518787920475006,
            -0.0689026415348053,
            -0.008288444019854069,
            0.19467151165008545
        ],
        [
            0.1082378551363945,
            0.09919222444295883,
            0.13498108088970184,
            -0.07374352216720581,
            -0.010595813393592834,
            0.1936754286289215
        ],
        [
            0.10969649255275726,
            0.10639672726392746,
            0.13486260175704956,
            -0.07173871248960495,
            -0.01091939490288496,
            0.1930924952030182
        ],
        [
            0.1065598726272583,
            0.10221811383962631,
            0.13522706925868988,
            -0.0770760253071785,
            -0.008198544383049011,
            0.1947513222694397
        ],
        [
            0.1056300699710846,
            0.10362917184829712,
            0.13532622158527374,
            -0.0796670988202095,
            -0.006713902112096548,
            0.19521014392375946
        ],
        [
            0.10286612808704376,
            0.1058676466345787,
            0.13565468788146973,
            -0.0792320966720581,
            -0.006605495233088732,
            0.196683868765831
        ],
        [
            0.09837273508310318,
            0.10829564929008484,
            0.13614647090435028,
            -0.07748279720544815,
            -0.006488210987299681,
            0.19894954562187195
        ],
        [
            0.10176673531532288,
            0.10995682328939438,
            0.13633115589618683,
            -0.07739446312189102,
            -0.006710774265229702,
            0.19959913194179535
        ],
        [
            0.09533044695854187,
            0.1074640154838562,
            0.13571907579898834,
            -0.08324281126260757,
            -0.005295104347169399,
            0.1971558928489685
        ],
        [
            0.09429889917373657,
            0.10563362389802933,
            0.13549363613128662,
            -0.08204641938209534,
            -0.0055031427182257175,
            0.1963099092245102
        ],
        [
            0.09180045872926712,
            0.10313557833433151,
            0.13501058518886566,
            -0.0817064493894577,
