{
    "metadata": {
        "input": [
            "XFEL.FEL/UNDULATOR.SASE1/CAX.CELL3.SA1/FIELD.OFFSET",
            "XFEL.FEL/UNDULATOR.SASE1/CAY.CELL3.SA1/FIELD.OFFSET",
            "XFEL.FEL/UNDULATOR.SASE1/CAY.CELL7.SA1/FIELD.OFFSET",
            "XFEL.FEL/UNDULATOR.SASE1/CAX.CELL8.SA1/FIELD.OFFSET",
            "XFEL.FEL/UNDULATOR.SASE1/CAX.CELL11.SA1/FIELD.OFFSET",
            "XFEL.FEL/UNDULATOR.SASE1/CAY.CELL11.SA1/FIELD.OFFSET"
        ],
        "objective": "XFEL.FEL/XGM/XGM.2643.T9/INTENSITY.SA1.RAW.TRAIN",
        "nreadings": 30,
        "interval": 0.1,
        "max_iter": 50,
        "bounds": [
            [
                -0.5,
                -0.5,
                -0.5,
                -0.5,
                -0.5,
                -0.5
            ],
            [
                0.5,
                0.5,
                0.5,
                0.5,
                0.5,
                0.5
            ]
        ],
        "acquisition": "UCB",
        "step_limit_type": "proximal",
        "proximal_len": [
            0.5,
            0.5,
            0.5,
            0.5,
            0.5,
            0.5
        ],
        "step_size": 0.10000000149011612,
        "fixed_noise": false
    },
    "X": [
        [
            0.03099999949336052,
            0.029999999329447746,
            0.09804458916187286,
            0.04899999871850014,
            0.032584309577941895,
            0.07077378779649734
        ],
        [
            0.03702436023986877,
            0.006892303405587441,
            0.12397432067885594,
            0.08175821129617411,
            0.03132930992163718,
            0.06089620724502831
        ],
        [
            0.03368080783904803,
            0.004459498069576906,
            0.07359324955267699,
            0.09060093598963226,
            0.06102468413770756,
            0.06852592375505173
        ],
        [
            0.04434454982496128,
            0.02643844889757707,
            0.09291734389771156,
            0.08186478440262057,
            0.04860187792804194,
            0.10859636869762213
        ],
        [
            0.039876120669783965,
            0.030295805264946907,
            0.07227348348839424,
            -0.00011157690154872668,
            0.001724797027416347,
            0.07060542851435603
        ],
        [
            -0.01709499505303791,
            0.035924182547989236,
            0.12209446168020177,
            0.07257072141126875,
            0.04028127800966752,
            0.08970412193134925
        ],
        [
            -0.053461045026779175,
            0.07199329137802124,
            -0.1320299506187439,
            0.08520537614822388,
            0.039299070835113525,
            0.27692991495132446
        ],
        [
            -0.08144085854291916,
            0.07190251350402832,
            -0.13110092282295227,
            0.08517186343669891,
            0.03930065780878067,
            0.27633389830589294
        ],
        [
            0.04756060615181923,
            -0.047444794327020645,
            0.16940495371818542,
            0.19563692808151245,
            0.12579329311847687,
            0.0643954873085022
        ],
        [
            0.00011183382594026625,
            -0.04296018183231354,
            0.17147624492645264,
            0.191898375749588,
            0.12347516417503357,
            0.06664590537548065
        ],
        [
            -0.02535061165690422,
            -0.009771851822733879,
            0.1547233760356903,
            0.1485438197851181,
            0.09586470574140549,
            0.07681785523891449
        ],
        [
            -0.022718103602528572,
            0.02344788797199726,
            0.1341162919998169,
            0.09718361496925354,
            0.05919092893600464,
            0.08606074005365372
        ],
        [
            -0.019826089963316917,
            0.036709267646074295,
            0.12381065636873245,
            0.07247056066989899,
            0.039604056626558304,
            0.08988038450479507
        ],
        [
            -0.01811329461634159,
            0.038219235837459564,
            0.12085822224617004,
            0.06925569474697113,
            0.03743875026702881,
            0.0908680111169815
        ],
        [
            -0.015658628195524216,
            0.03929756581783295,
            0.11789459735155106,
            0.06645204871892929,
            0.0358709916472435,
            0.09171522408723831
        ],
        [
            -0.011075424030423164,
            0.03762165829539299,
            0.11846017092466354,
            0.06754802912473679,
            0.03710614889860153,
            0.08978188037872314
        ],
        [
            -0.012326045893132687,
            0.040411271154880524,
            0.11264029890298843,
            0.061393119394779205,
            0.03317525237798691,
            0.09261710941791534
        ],
        [
            -0.014064370654523373,
            0.04058860242366791,
            0.120516836643219,
            0.07087025046348572,
            0.03606310859322548,
            0.09129339456558228
        ],
        [
            -0.01334403082728386,
            0.04408695921301842,
            0.1245647519826889,
            0.07720466703176498,
            0.03572753816843033,
            0.09150401502847672
        ],
        [
            -0.012425907887518406,
            0.042934708297252655,
            0.12206218391656876,
            0.0722939670085907,
            0.034210190176963806,
            0.09202241897583008
        ],
        [
            -0.012684443965554237,
            0.042375415563583374,
            0.11537028849124908,
            0.06762521713972092,
            0.036518875509500504,
            0.09217312932014465
        ],
        [
            -0.014812936075031757,
            0.03819630295038223,
            0.12416631728410721,
            0.0693432092666626,
            0.03221883624792099,
            0.09060142189264297
        ],
        [
            -0.016918130218982697,
            0.03512416034936905,
            0.13195812702178955,
            0.0702463760972023,
            0.027229275554418564,
            0.08958207070827484
        ],
        [
            -0.01495922077447176,
            0.032918792217969894,
            0.13873398303985596,
            0.07385798543691635,
            0.024386411532759666,
            0.08777771145105362
        ],
        [
            -0.016697408631443977,
            0.032081011682748795,
            0.13993611931800842,
            0.07428663223981857,
            0.02350432425737381,
            0.08860945701599121
        ],
        [
            -0.014686048962175846,
            0.03371276333928108,
            0.1381174772977829,
            0.07355237752199173,
            0.02558165043592453,
            0.08692377060651779
        ],
        [
            -0.016280028969049454,
            0.033245787024497986,
            0.13356563448905945,
            0.07355059683322906,
            0.024669194594025612,
            0.0893523246049881
        ],
        [
            -0.01690606400370598,
            0.03323877975344658,
            0.14711321890354156,
            0.06882332265377045,
            0.02519826777279377,
            0.08683530241250992
        ],
        [
            -0.018137251958251,
            0.03372594714164734,
            0.15780757367610931,
            0.06122380495071411,
            0.025435026735067368,
            0.08559703081846237
        ],
        [
            -0.01924414373934269,
            0.03613416850566864,
            0.16862767934799194,
            0.05168053135275841,
            0.023853173479437828,
            0.08635210245847702
        ],
        [
            -0.01961282081902027,
            0.0373784676194191,
            0.1755104809999466,
            0.04629579558968544,
