{
    "metadata": {
        "input": [
            "XFEL.FEL/UNDULATOR.SASE1/CAX.CELL3.SA1/FIELD.OFFSET",
            "XFEL.FEL/UNDULATOR.SASE1/CAY.CELL3.SA1/FIELD.OFFSET",
            "XFEL.FEL/UNDULATOR.SASE1/CAY.CELL7.SA1/FIELD.OFFSET",
            "XFEL.FEL/UNDULATOR.SASE1/CAX.CELL8.SA1/FIELD.OFFSET",
            "XFEL.FEL/UNDULATOR.SASE1/CAX.CELL11.SA1/FIELD.OFFSET",
            "XFEL.FEL/UNDULATOR.SASE1/CAY.CELL11.SA1/FIELD.OFFSET"
        ],
        "objective": "XFEL.FEL/XGM/XGM.2643.T9/INTENSITY.SA1.RAW.TRAIN",
        "nreadings": 5,
        "interval": 0.1,
        "max_iter": 50,
        "bounds": [
            [
                -0.5,
                -0.5,
                -0.5,
                -0.5,
                -0.5,
                -0.5
            ],
            [
                0.5,
                0.5,
                0.5,
                0.5,
                0.5,
                0.5
            ]
        ],
        "acquisition": "UCB",
        "step_limit_type": "proximal",
        "proximal_len": [
            0.5,
            0.5,
            0.5,
            0.5,
            0.5,
            0.5
        ],
        "step_size": 0.10000000149011612,
        "fixed_noise": true
    },
    "X": [
        [
            0.03099999949336052,
            0.029999999329447746,
            0.09804458916187286,
            0.04899999871850014,
            0.032584309577941895,
            0.07077378779649734
        ],
        [
            -0.010972376048153265,
            0.004208723443876572,
            0.07579358484967047,
            0.07253315856357156,
            0.06289741442074037,
            0.08539466432662124
        ],
        [
            0.06265819045391963,
            -0.015899982614814956,
            0.1308994864352777,
            0.07637998279005265,
            0.05015007879683031,
            0.11840552907633395
        ],
        [
            0.04916455698258515,
            0.05652772041451515,
            0.09783303439301916,
            0.061342356537913645,
            0.023049157715810065,
            0.0760002032701137
        ],
        [
            -0.0035053444580039894,
            0.050592856043470746,
            0.11047483999178187,
            0.033122727783363004,
            0.002092539809766869,
            0.09124588549840595
        ],
        [
            0.05050831987721205,
            0.03845255201239217,
            0.08613074702152845,
            0.03170684326748319,
            0.018410867241420714,
            0.03652467825637595
        ],
        [
            0.32925713062286377,
            0.07898199558258057,
            0.05788397789001465,
            -0.050415098667144775,
            0.028407931327819824,
            0.3007810711860657
        ],
        [
            0.32783353328704834,
            0.07897322624921799,
            0.058230478316545486,
            -0.05036402866244316,
            0.008181181736290455,
            0.3006257116794586
        ],
        [
            0.304164320230484,
            0.07881913334131241,
            0.08409127593040466,
            -0.04941090568900108,
            0.003703974885866046,
            0.29763728380203247
        ],
        [
            0.1927173137664795,
            0.07704314589500427,
            0.09118444472551346,
            -0.04086901992559433,
            -0.0020228801295161247,
            0.26783043146133423
        ],
        [
            -0.06055838614702225,
            0.12368255108594894,
            0.09151069074869156,
            -0.4096706807613373,
            0.008545208722352982,
            0.010424020700156689
        ],
        [
            -0.06060492992401123,
            0.12273076921701431,
            0.09196458756923676,
            -0.4031161367893219,
            0.008128812536597252,
            0.011866369284689426
        ],
        [
            -0.04020629823207855,
            0.091575987637043,
            0.101653553545475,
            -0.1758909523487091,
            0.0012938823783770204,
            0.054041020572185516
        ],
        [
            -0.018263399600982666,
            0.06300018727779388,
            0.10875778645277023,
            -0.002084786305204034,
            0.000607819645665586,
            0.08274653553962708
        ],
        [
            -0.007924282923340797,
            0.048173677176237106,
            0.11111211776733398,
            0.031688589602708817,
            0.0011743083596229553,
            0.09201189130544662
        ],
        [
            -0.00429248483851552,
            0.04637029394507408,
            0.11243504285812378,
            0.04347025975584984,
            0.0008284709183499217,
            0.09615833312273026
        ],
        [
            -0.005041842814534903,
            0.04888671264052391,
            0.11237017065286636,
            0.03932848572731018,
            0.000876233447343111,
            0.09535083174705505
        ],
        [
            -0.005221426486968994,
            0.0496189184486866,
            0.11296747624874115,
            0.039941802620887756,
            0.00024637693422846496,
            0.09654821455478668
        ],
        [
            -0.005674836225807667,
            0.04974259063601494,
            0.11330555379390717,
            0.03943762928247452,
            -0.00012278773647267371,
            0.09705254435539246
        ],
        [
            -0.005930247250944376,
            0.049330275505781174,
            0.1135755255818367,
            0.03972291946411133,
            0.0009749206947162747,
            0.09745319932699203
        ],
        [
            -0.002204328775405884,
            0.04797486215829849,
            0.10960875451564789,
            0.040521543473005295,
            0.00013524839596357197,
            0.09131566435098648
        ],
        [
            -0.011170204728841782,
            0.048454344272613525,
            0.1128905713558197,
            0.02445392683148384,
            0.0032267665956169367,
            0.09278066456317902
        ],
        [
            -0.013432007282972336,
            0.047717124223709106,
            0.11443119496107101,
            0.020976610481739044,
            0.00483768479898572,
            0.09390897303819656
        ],
        [
            -0.015139390714466572,
            0.0466967411339283,
            0.11560912430286407,
            0.01903671585023403,
            0.005746270529925823,
            0.09486830979585648
        ],
        [
            -0.014528472907841206,
            0.048923417925834656,
            0.11472582817077637,
            0.018557654693722725,
            0.0045970529317855835,
            0.09349949657917023
        ],
        [
            -0.010578804649412632,
            0.04645688831806183,
            0.11324910074472427,
            0.02590549923479557,
            0.004405458457767963,
            0.09455033391714096
        ],
        [
            -0.015259463340044022,
            0.04900357872247696,
            0.11388183385133743,
            0.016810782253742218,
            0.004340456798672676,
            0.09174880385398865
        ],
        [
            -0.011576191522181034,
            0.049072735011577606,
            0.11663608998060226,
            0.027910051867365837,
            0.005007390398532152,
            0.09575814753770828
        ],
        [
            -0.00907125137746334,
            0.0478355810046196,
            0.11587084084749222,
            0.027528921142220497,
            0.004984878934919834,
            0.09797310084104538
        ],
        [
            -0.001550137298181653,
            0.04823078215122223,
            0.11786483228206635,
            0.028266673907637596,
            0.00607651611790061,
            0.1050369068980217
        ],
        [
            -0.0018343355040997267,
            0.048243116587400436,
            0.11748084425926208,
