{
    "metadata": {
        "input": [
            "XFEL.FEL/UNDULATOR.SASE1/CAX.CELL14.SA1/FIELD.OFFSET",
            "XFEL.FEL/UNDULATOR.SASE1/CAY.CELL14.SA1/FIELD.OFFSET",
            "XFEL.FEL/UNDULATOR.SASE1/CAX.CELL21.SA1/FIELD.OFFSET",
            "XFEL.FEL/UNDULATOR.SASE1/CAY.CELL21.SA1/FIELD.OFFSET",
            "XFEL.FEL/UNDULATOR.SASE1/CAX.CELL24.SA1/FIELD.OFFSET",
            "XFEL.FEL/UNDULATOR.SASE1/CAY.CELL24.SA1/FIELD.OFFSET"
        ],
        "objective": "XFEL.FEL/XGM/XGM.2643.T9/INTENSITY.SA1.RAW.TRAIN",
        "nreadings": 30,
        "interval": 0.1,
        "max_iter": 50,
        "bounds": [
            [
                -0.5,
                -0.5,
                -0.5,
                -0.5,
                -0.5,
                -0.5
            ],
            [
                0.5,
                0.5,
                0.5,
                0.5,
                0.5,
                0.5
            ]
        ],
        "acquisition": "UCB",
        "step_limit_type": "proximal",
        "proximal_len": [
            0.5,
            0.5,
            0.5,
            0.5,
            0.5,
            0.5
        ],
        "step_size": 0.10000000149011612,
        "fixed_noise": false
    },
    "X": [
        [
            -0.026000000536441803,
            0.010827827267348766,
            0.0218534953892231,
            0.01668151281774044,
            -0.1685377061367035,
            -0.008999999612569809
        ],
        [
            -0.015518100403518975,
            0.00608048413325335,
            -0.0009300943133769835,
            -0.0044769264185196,
            -0.1784992875153062,
            -0.0100026808828515
        ],
        [
            -0.048645766416874014,
            0.029492801519706457,
            0.006243116175973729,
            -0.0331430774155943,
            -0.19199795161873467,
            -0.027077552200519328
        ],
        [
            -0.043025274828452975,
            -0.021516615820593277,
            0.020574951897881277,
            -0.017272881551897434,
            -0.1724416435346594,
            0.007600442567474275
        ],
        [
            -0.017601193362492218,
            0.012822377525188777,
            -0.018040245620813078,
            0.04218862355511055,
            -0.17656824600742071,
            -0.042206725227933006
        ],
        [
            -0.06898377154743329,
            0.040781921408386435,
            -0.001144921377277619,
            0.058261516937315516,
            -0.18196001668903694,
            -0.05822965799614277
        ],
        [
            -0.06900095194578171,
            0.04079173505306244,
            -0.0011386455735191703,
            0.05828025937080383,
            -0.18195883929729462,
            -0.058236271142959595
        ],
        [
            -0.1463862955570221,
            0.171855628490448,
            -0.11603504419326782,
            0.3225998878479004,
            -0.20898839831352234,
            -0.36793598532676697
        ],
        [
            -0.1460457444190979,
            0.16753923892974854,
            -0.11474340409040451,
            0.3204619288444519,
            -0.20891572535037994,
            -0.22564496099948883
        ],
        [
            -0.14400260150432587,
            0.08319002389907837,
            -0.10557185858488083,
            0.30626317858695984,
            -0.20852141082286835,
            -0.20960034430027008
        ],
        [
            -0.13611458241939545,
            0.050879184156656265,
            -0.06786447763442993,
            0.2394964098930359,
            -0.2070445716381073,
            -0.18028540909290314
        ],
        [
            -0.12344899028539658,
            0.036761268973350525,
            -0.043048195540905,
            0.178760826587677,
            -0.20433083176612854,
            -0.1491447538137436
        ],
        [
            -0.11176953464746475,
            0.030920471996068954,
            -0.02670416049659252,
            0.13615041971206665,
            -0.2015608251094818,
            -0.12396056950092316
        ],
        [
            -0.1008664071559906,
            0.029025817289948463,
            -0.015132526867091656,
            0.10810592025518417,
            -0.19855189323425293,
            -0.10168039053678513
        ],
        [
            -0.09180916845798492,
            0.0279234629124403,
            -0.004860889632254839,
            0.08891351521015167,
            -0.19619789719581604,
            -0.08278687298297882
        ],
        [
            -0.08483467996120453,
            0.027159439399838448,
            0.003469218034297228,
            0.07912273705005646,
            -0.19435380399227142,
            -0.0695924162864685
        ],
        [
            -0.07912147790193558,
            0.026950055733323097,
            0.009716430678963661,
            0.07453601062297821,
            -0.19273003935813904,
            -0.06079501658678055
        ],
        [
            -0.07580699771642685,
            0.027249060571193695,
            0.010698109865188599,
            0.06440303474664688,
            -0.1912359595298767,
            -0.0628470629453659
        ],
        [
            -0.07262513041496277,
            0.025910204276442528,
            0.013111140578985214,
            0.05232779681682587,
            -0.18977965414524078,
            -0.07273153215646744
        ],
        [
            -0.06942340731620789,
            0.027965722605586052,
            0.013221284374594688,
            0.0550168938934803,
            -0.1887262910604477,
            -0.05256112292408943
        ],
        [
            -0.06577577441930771,
            0.02823975309729576,
            0.014829791150987148,
            0.05621548742055893,
            -0.1875401735305786,
            -0.030893314629793167
        ],
        [
            -0.06223023682832718,
            0.029741410166025162,
            0.015986822545528412,
            0.05672292783856392,
            -0.18653276562690735,
            -0.02916814014315605
        ],
        [
            -0.05874618887901306,
            0.030930696055293083,
            0.017321154475212097,
            0.05651497468352318,
            -0.18555930256843567,
            -0.02957218699157238
        ],
        [
            -0.06079026684165001,
            0.026378000155091286,
            0.014860636554658413,
            0.04922398179769516,
            -0.1847403347492218,
            -0.024682404473423958
        ],
        [
            -0.06230750307440758,
            0.03307153657078743,
            0.014699750579893589,
            0.04820078983902931,
            -0.1851651817560196,
            -0.024685166776180267
        ],
        [
            -0.05805206298828125,
            0.024353668093681335,
            0.01376516092568636,
            0.06365462392568588,
            -0.1853838860988617,
            -0.039513010531663895
        ],
        [
            -0.06055304408073425,
            0.028454376384615898,
            0.016542909666895866,
            0.0610588900744915,
            -0.18558302521705627,
            -0.03999893739819527
        ],
        [
            -0.06498809158802032,
            0.032571256160736084,
            0.01743345521390438,
            0.05560480058193207,
            -0.18617354333400726,
            -0.03429054468870163
        ],
        [
            -0.06597142666578293,
            0.028154414147138596,
            0.011444753967225552,
            0.05042608082294464,
            -0.1868235170841217,
            -0.02923686057329178
        ],
        [
            -0.06603621691465378,
            0.025733664631843567,
            0.00814756192266941,
            0.04883674159646034,
            -0.18727831542491913,
            -0.029086947441101074
        ],
        [
            -0.06525623053312302,
            0.027811208739876747,
